Number,Player,Matchweek,Matchday,Injured,Minutes_Last_Game,Minutes_Prev_3_Games,Minutes_Last_30d,Days_Since_Last_Injury_Related,Days_Since_Last_Injury_Any,age,Pos,Days_Rest,Short_Rest_Flag_le3d,Matches_Last_10d,High_Minute_Flag_10d_3x85,Starts_Last_5,Consecutive_Starts,Rolling_Minutes_7d,Rolling_Minutes_28d,Minutes
3,Radu Dragusin,1,2024-08-17,0,0.0,0.0,0.0,,,,,,,0,,,,,,0.0
4,Kevin Danso,1,2024-08-17,0,0.0,0.0,0.0,,,27.0,DF,,,0,,,,,,0.0
6,Jo√£o Palhinha,1,2024-08-17,0,0.0,0.0,14.0,,,30.0,MF,,,1,,,,,,0.0
7,Xavi Simons,1,2024-08-17,0,0.0,0.0,88.0,,,22.0,"FW,MF",,,1,,,,,,0.0
8,Yves Bissouma,1,2024-08-17,0,0.0,0.0,0.0,,,,,,,0,,,,,,0.0
9,Richarlison,1,2024-08-17,0,0.0,0.0,0.0,,,28.0,FW,,,0,,,,,,0.0
10,James Maddison,1,2024-08-17,0,0.0,0.0,0.0,,,,,,,0,,,,,,0.0
11,,1,2024-08-17,0,0.0,0.0,62.0,,,,,,,1,,,,,,0.0
13,Destiny Udogie,1,2024-08-17,0,0.0,0.0,0.0,,,22.0,DF,,,0,,,,,,0.0
14,,1,2024-08-17,0,0.0,0.0,0.0,,,,,,,0,,,,,,0.0
15,Lucas Bergvall,1,2024-08-17,0,0.0,0.0,0.0,,,19.0,MF,,,0,,,,,,0.0
17,Cristian Romero,1,2024-08-17,0,0.0,0.0,0.0,,,27.0,DF,,,0,,,,,,0.0
19,Dominic Solanke,1,2024-08-17,0,0.0,0.0,0.0,,,,,,,0,,,,,,0.0
20,,1,2024-08-17,0,0.0,0.0,90.0,,,,,,0.0,1,0.0,0.0,1.0,0.0,0.0,90.0
21,Dejan Kulusevski,1,2024-08-17,0,0.0,0.0,0.0,,,,,,,0,,,,,,0.0
22,Brennan Johnson,1,2024-08-17,0,0.0,0.0,0.0,,,24.0,FW,,,0,,,,,,0.0
23,,1,2024-08-17,0,0.0,0.0,0.0,,,,,,,0,,,,,,0.0
24,Djed Spence,1,2024-08-17,0,0.0,0.0,0.0,,,25.0,DF,,,0,,,,,,0.0
28,Wilson Odobert,1,2024-08-17,0,0.0,0.0,89.0,,,20.0,"FW,MF",,,1,,,,,,0.0
29,Pape Matar Sarr,1,2024-08-17,0,0.0,0.0,0.0,,,23.0,MF,,,0,,,,,,0.0
30,Rodrigo Bentancur,1,2024-08-17,0,0.0,0.0,0.0,,,28.0,MF,,,0,,,,,,0.0
37,Micky van de Ven,1,2024-08-17,0,0.0,0.0,0.0,,,24.0,DF,,,0,,,,,,0.0
3,Radu Dragusin,2,2024-08-24,0,0.0,0.0,0.0,,,,,,,0,,,,,,0.0
4,Kevin Danso,2,2024-08-24,0,0.0,0.0,180.0,,,27.0,DF,,,2,,,,,,0.0
6,Jo√£o Palhinha,2,2024-08-24,0,0.0,0.0,14.0,,,30.0,MF,,,1,,,,,,0.0
7,Xavi Simons,2,2024-08-24,0,0.0,0.0,178.0,,,22.0,"FW,MF",,,2,,,,,,0.0
8,Yves Bissouma,2,2024-08-24,0,0.0,0.0,72.0,,,,,,0.0,1,0.0,0.0,1.0,0.0,0.0,72.0
9,Richarlison,2,2024-08-24,0,0.0,0.0,25.0,,,28.0,FW,5.0,0.0,2,0.0,0.0,0.0,1.0,1.0,24.0
10,James Maddison,2,2024-08-24,0,0.0,0.0,156.0,,,,,5.0,0.0,2,0.0,1.0,2.0,78.0,78.0,78.0
11,,2,2024-08-24,0,0.0,0.0,62.0,,,,,,,1,,,,,,0.0
13,Destiny Udogie,2,2024-08-24,0,0.0,0.0,162.0,,,22.0,DF,5.0,0.0,2,0.0,1.0,2.0,90.0,90.0,72.0
14,,2,2024-08-24,0,0.0,0.0,31.0,,,,,5.0,0.0,2,0.0,0.0,0.0,13.0,13.0,18.0
15,Lucas Bergvall,2,2024-08-24,0,0.0,0.0,25.0,,,19.0,MF,5.0,0.0,2,0.0,0.0,0.0,13.0,13.0,12.0
17,Cristian Romero,2,2024-08-24,0,0.0,0.0,180.0,,,27.0,DF,5.0,0.0,2,0.0,4.0,5.0,90.0,90.0,90.0
19,Dominic Solanke,2,2024-08-24,1,0.0,0.0,90.0,,0.0,,,,,1,,,,,,0.0
20,,2,2024-08-24,0,90.0,90.0,178.0,,,,,7.0,0.0,2,0.0,1.0,2.0,90.0,90.0,88.0
21,Dejan Kulusevski,2,2024-08-24,0,0.0,0.0,78.0,,,,,5.0,0.0,2,0.0,0.0,1.0,12.0,12.0,66.0
22,Brennan Johnson,2,2024-08-24,0,0.0,0.0,167.0,,,24.0,FW,5.0,0.0,2,0.0,1.0,2.0,77.0,77.0,90.0
23,,2,2024-08-24,0,0.0,0.0,179.0,,,,,5.0,0.0,2,0.0,1.0,2.0,89.0,89.0,90.0
24,Djed Spence,2,2024-08-24,0,0.0,0.0,19.0,,,25.0,DF,5.0,0.0,2,0.0,0.0,0.0,1.0,1.0,18.0
28,Wilson Odobert,2,2024-08-24,0,0.0,0.0,155.0,,,20.0,"FW,MF",12.0,0.0,1,0.0,1.0,2.0,0.0,89.0,66.0
29,Pape Matar Sarr,2,2024-08-24,0,0.0,0.0,0.0,,,23.0,MF,,,0,,,,,,0.0
30,Rodrigo Bentancur,2,2024-08-24,1,0.0,0.0,77.0,,0.0,28.0,MF,,,1,,,,,,0.0
37,Micky van de Ven,2,2024-08-24,0,0.0,0.0,180.0,,,24.0,DF,5.0,0.0,2,0.0,1.0,2.0,90.0,90.0,90.0
3,Radu Dragusin,3,2024-08-31,0,0.0,0.0,0.0,,,,,,,0,,,,,,0.0
4,Kevin Danso,3,2024-08-31,1,0.0,0.0,270.0,,0.0,27.0,DF,,,2,,,,,,0.0
6,Jo√£o Palhinha,3,2024-08-31,0,0.0,0.0,14.0,,,30.0,MF,,,0,,,,,,0.0
7,Xavi Simons,3,2024-08-31,0,0.0,0.0,268.0,,,22.0,"FW,MF",,,2,,,,,,0.0
8,Yves Bissouma,3,2024-08-31,0,72.0,72.0,72.0,,,,,,,1,,,,,,0.0
9,Richarlison,3,2024-08-31,1,24.0,24.0,25.0,,0.0,28.0,FW,,,1,,,,,,0.0
10,James Maddison,3,2024-08-31,0,78.0,78.0,156.0,,,,,,,1,,,,,,0.0
11,,3,2024-08-31,0,0.0,0.0,62.0,,,,,,,0,,,,,,0.0
13,Destiny Udogie,3,2024-08-31,0,72.0,72.0,162.0,,,22.0,DF,,,1,,,,,,0.0
14,,3,2024-08-31,0,18.0,18.0,31.0,,,,,,,1,,,,,,0.0
15,Lucas Bergvall,3,2024-08-31,0,12.0,12.0,25.0,,,19.0,MF,,,1,,,,,,0.0
17,Cristian Romero,3,2024-08-31,0,90.0,90.0,180.0,,,27.0,DF,,,1,,,,,,0.0
19,Dominic Solanke,3,2024-08-31,1,0.0,0.0,90.0,,0.0,,,,,0,,,,,,0.0
20,,3,2024-08-31,0,88.0,178.0,285.0,,,,,3.0,1.0,3,0.0,2.0,1.0,105.0,195.0,90.0
21,Dejan Kulusevski,3,2024-08-31,0,66.0,66.0,78.0,,,,,,,1,,,,,,0.0
22,Brennan Johnson,3,2024-08-31,0,90.0,90.0,167.0,,,24.0,FW,,,1,,,,,,0.0
23,,3,2024-08-31,0,90.0,90.0,179.0,,,,,,,1,,,,,,0.0
24,Djed Spence,3,2024-08-31,0,18.0,18.0,19.0,,,25.0,DF,,,1,,,,,,0.0
28,Wilson Odobert,3,2024-08-31,0,66.0,66.0,155.0,,,20.0,"FW,MF",,,1,,,,,,0.0
29,Pape Matar Sarr,3,2024-08-31,0,0.0,0.0,0.0,,,23.0,MF,,,0,,,,,,0.0
30,Rodrigo Bentancur,3,2024-08-31,1,0.0,0.0,77.0,,0.0,28.0,MF,,,0,,,,,,0.0
37,Micky van de Ven,3,2024-08-31,1,90.0,90.0,180.0,,0.0,24.0,DF,,,1,,,,,,0.0
3,Radu Dragusin,4,2024-09-14,0,0.0,0.0,270.0,,,,,,,2,,,,,,0.0
4,Kevin Danso,4,2024-09-14,1,0.0,0.0,270.0,,0.0,27.0,DF,,,0,,,,,,0.0
6,Jo√£o Palhinha,4,2024-09-14,0,0.0,0.0,166.0,,,30.0,MF,,,2,,,,,,0.0
7,Xavi Simons,4,2024-09-14,0,0.0,0.0,522.0,,,22.0,"FW,MF",,,3,,,,,,0.0
8,Yves Bissouma,4,2024-09-14,1,0.0,72.0,306.0,,0.0,,,,,2,,,,,,0.0
9,Richarlison,4,2024-09-14,1,0.0,24.0,25.0,,0.0,28.0,FW,,,0,,,,,,0.0
10,James Maddison,4,2024-09-14,0,0.0,78.0,237.0,,,,,,,0,,,,,,0.0
11,,4,2024-09-14,0,0.0,0.0,135.0,,,,,,,1,,,,,,0.0
13,Destiny Udogie,4,2024-09-14,0,0.0,72.0,299.0,,,22.0,DF,,,2,,,,,,0.0
14,,4,2024-09-14,0,0.0,18.0,31.0,,,,,,,0,,,,,,0.0
15,Lucas Bergvall,4,2024-09-14,0,0.0,12.0,58.0,,,19.0,MF,,,2,,,,,,0.0
17,Cristian Romero,4,2024-09-14,0,0.0,90.0,450.0,,,27.0,DF,,,2,,,,,,0.0
19,Dominic Solanke,4,2024-09-14,0,0.0,0.0,90.0,5.0,5.0,,,,,0,,,,,,0.0
20,,4,2024-09-14,0,90.0,268.0,555.0,,,,,5.0,0.0,3,0.0,4.0,4.0,90.0,465.0,90.0
21,Dejan Kulusevski,4,2024-09-14,0,0.0,66.0,348.0,,,,,,,2,,,,,,0.0
22,Brennan Johnson,4,2024-09-14,0,0.0,90.0,349.0,,,24.0,FW,,,2,,,,,,0.0
23,,4,2024-09-14,0,0.0,90.0,269.0,,,,,,,0,,,,,,0.0
24,Djed Spence,4,2024-09-14,0,0.0,18.0,19.0,,,25.0,DF,,,0,,,,,,0.0
28,Wilson Odobert,4,2024-09-14,0,0.0,66.0,139.0,,,20.0,"FW,MF",,,0,,,,,,0.0
29,Pape Matar Sarr,4,2024-09-14,0,0.0,0.0,114.0,,,23.0,MF,,,2,,,,,,0.0
30,Rodrigo Bentancur,4,2024-09-14,0,0.0,0.0,86.0,14.0,14.0,28.0,MF,,,0,,,,,,0.0
37,Micky van de Ven,4,2024-09-14,0,0.0,90.0,180.0,5.0,5.0,24.0,DF,,,0,,,,,,0.0
3,Radu Dragusin,5,2024-09-21,0,0.0,0.0,360.0,,,,,,,1,,,,,,0.0
4,Kevin Danso,5,2024-09-21,1,0.0,0.0,180.0,,0.0,27.0,DF,,,0,,,,,,0.0
6,Jo√£o Palhinha,5,2024-09-21,0,0.0,0.0,173.0,,,30.0,MF,,,2,,,,,,0.0
7,Xavi Simons,5,2024-09-21,0,0.0,0.0,516.0,,,22.0,"FW,MF",,,2,,,,,,0.0
8,Yves Bissouma,5,2024-09-21,0,0.0,72.0,334.0,1.0,1.0,,,11.0,0.0,1,0.0,2.0,0.0,0.0,306.0,28.0
9,Richarlison,5,2024-09-21,1,0.0,24.0,24.0,,0.0,28.0,FW,,,0,,,,,,0.0
10,James Maddison,5,2024-09-21,0,0.0,78.0,354.0,,,,,3.0,1.0,3,0.0,4.0,1.0,108.0,267.0,87.0
11,,5,2024-09-21,0,0.0,0.0,73.0,,,,,,,1,,,,,,0.0
13,Destiny Udogie,5,2024-09-21,0,0.0,72.0,434.0,,,22.0,DF,3.0,1.0,3,0.0,3.0,3.0,135.0,344.0,90.0
14,,5,2024-09-21,0,0.0,18.0,111.0,,,,,3.0,1.0,2,0.0,1.0,0.0,90.0,108.0,3.0
15,Lucas Bergvall,5,2024-09-21,0,0.0,12.0,109.0,,,19.0,MF,3.0,1.0,2,0.0,1.0,0.0,61.0,106.0,3.0
17,Cristian Romero,5,2024-09-21,0,0.0,90.0,540.0,,,27.0,DF,6.0,0.0,2,0.0,5.0,10.0,90.0,450.0,90.0
19,Dominic Solanke,5,2024-09-21,0,0.0,0.0,238.0,12.0,12.0,,,3.0,1.0,3,0.0,3.0,4.0,151.0,151.0,87.0
20,,5,2024-09-21,0,90.0,268.0,555.0,,,,,7.0,0.0,2,0.0,4.0,5.0,90.0,465.0,90.0
21,Dejan Kulusevski,5,2024-09-21,0,0.0,66.0,533.0,,,,,3.0,1.0,3,0.0,2.0,1.0,107.0,443.0,90.0
22,Brennan Johnson,5,2024-09-21,0,0.0,90.0,481.0,,,24.0,FW,3.0,1.0,3,0.0,2.0,1.0,140.0,412.0,69.0
23,,5,2024-09-21,0,0.0,90.0,357.0,,,,,6.0,0.0,2,0.0,4.0,5.0,90.0,270.0,87.0
24,Djed Spence,5,2024-09-21,0,0.0,18.0,63.0,,,25.0,DF,,,1,,,,,,0.0
28,Wilson Odobert,5,2024-09-21,1,0.0,66.0,179.0,,0.0,20.0,"FW,MF",,,2,,,,,,0.0
29,Pape Matar Sarr,5,2024-09-21,0,0.0,0.0,248.0,,,23.0,MF,3.0,1.0,3,0.0,3.0,0.0,113.0,227.0,21.0
30,Rodrigo Bentancur,5,2024-09-21,0,0.0,0.0,228.0,21.0,21.0,28.0,MF,3.0,1.0,3,0.0,4.0,3.0,157.0,166.0,62.0
37,Micky van de Ven,5,2024-09-21,0,0.0,90.0,270.0,12.0,12.0,24.0,DF,6.0,0.0,2,0.0,3.0,4.0,90.0,180.0,90.0
3,Radu Dragusin,6,2024-09-28,0,0.0,0.0,367.0,,,,,,,2,,,,,,0.0
4,Kevin Danso,6,2024-09-28,1,0.0,0.0,0.0,,0.0,27.0,DF,,,0,,,,,,0.0
6,Jo√£o Palhinha,6,2024-09-28,0,0.0,0.0,173.0,,,30.0,MF,,,1,,,,,,0.0
7,Xavi Simons,6,2024-09-28,0,0.0,0.0,606.0,,,22.0,"FW,MF",,,3,,,,,,0.0
8,Yves Bissouma,6,2024-09-28,0,28.0,28.0,332.0,8.0,8.0,,,,,2,,,,,,0.0
9,Richarlison,6,2024-09-28,1,0.0,0.0,0.0,,0.0,28.0,FW,,,0,,,,,,0.0
10,James Maddison,6,2024-09-28,0,87.0,87.0,276.0,,,,,,,2,,,,,,0.0
11,,6,2024-09-28,0,0.0,0.0,73.0,,,,,,,0,,,,,,0.0
13,Destiny Udogie,6,2024-09-28,0,90.0,90.0,441.0,,,22.0,DF,,,3,,,,,,0.0
14,,6,2024-09-28,0,3.0,3.0,183.0,,,,,,,3,,,,,,0.0
15,Lucas Bergvall,6,2024-09-28,0,3.0,3.0,108.0,,,19.0,MF,,,3,,,,,,0.0
17,Cristian Romero,6,2024-09-28,0,90.0,90.0,450.0,,,27.0,DF,,,1,,,,,,0.0
19,Dominic Solanke,6,2024-09-28,0,87.0,87.0,322.0,19.0,19.0,,,,,3,,,,,,0.0
20,,6,2024-09-28,0,90.0,270.0,508.0,,,,,3.0,1.0,3,0.0,4.0,1.0,103.0,463.0,45.0
21,Dejan Kulusevski,6,2024-09-28,0,90.0,90.0,512.0,,,,,,,3,,,,,,0.0
22,Brennan Johnson,6,2024-09-28,0,69.0,69.0,436.0,,,24.0,FW,,,3,,,,,,0.0
23,,6,2024-09-28,0,87.0,87.0,267.0,,,,,,,1,,,,,,0.0
24,Djed Spence,6,2024-09-28,0,0.0,0.0,45.0,,,25.0,DF,,,1,,,,,,0.0
28,Wilson Odobert,6,2024-09-28,1,0.0,0.0,113.0,,0.0,20.0,"FW,MF",,,1,,,,,,0.0
29,Pape Matar Sarr,6,2024-09-28,0,21.0,21.0,338.0,,,23.0,MF,,,3,,,,,,0.0
30,Rodrigo Bentancur,6,2024-09-28,0,62.0,62.0,248.0,28.0,28.0,28.0,MF,,,3,,,,,,0.0
37,Micky van de Ven,6,2024-09-28,0,90.0,90.0,270.0,19.0,19.0,24.0,DF,,,2,,,,,,0.0
3,Radu Dragusin,7,2024-10-05,0,0.0,0.0,287.0,,,,,,,2,,,,,,0.0
4,Kevin Danso,7,2024-10-05,1,0.0,0.0,0.0,,0.0,27.0,DF,,,0,,,,,,0.0
6,Jo√£o Palhinha,7,2024-10-05,0,0.0,0.0,171.0,,,30.0,MF,,,1,,,,,,0.0
7,Xavi Simons,7,2024-10-05,0,0.0,0.0,606.0,,,22.0,"FW,MF",,,2,,,,,,0.0
8,Yves Bissouma,7,2024-10-05,0,0.0,28.0,341.0,15.0,15.0,,,,,2,,,,,,0.0
9,Richarlison,7,2024-10-05,1,0.0,0.0,0.0,,0.0,28.0,FW,,,0,,,,,,0.0
10,James Maddison,7,2024-10-05,0,0.0,87.0,297.0,,,,,,,2,,,,,,0.0
11,,7,2024-10-05,0,0.0,0.0,20.0,,,,,,,1,,,,,,0.0
13,Destiny Udogie,7,2024-10-05,0,0.0,90.0,396.0,5.0,5.0,22.0,DF,,,2,,,,,,0.0
14,,7,2024-10-05,0,0.0,3.0,273.0,,,,,,,2,,,,,,0.0
15,Lucas Bergvall,7,2024-10-05,0,0.0,3.0,177.0,,,19.0,MF,,,3,,,,,,0.0
17,Cristian Romero,7,2024-10-05,0,0.0,90.0,540.0,,,27.0,DF,,,2,,,,,,0.0
19,Dominic Solanke,7,2024-10-05,0,0.0,87.0,421.0,26.0,26.0,,,,,3,,,,,,0.0
20,,7,2024-10-05,0,45.0,225.0,503.0,,,,,7.0,0.0,3,0.0,4.0,2.0,45.0,328.0,85.0
21,Dejan Kulusevski,7,2024-10-05,0,0.0,90.0,538.0,,,,,,,3,,,,,,0.0
22,Brennan Johnson,7,2024-10-05,0,0.0,69.0,492.0,,,24.0,FW,,,3,,,,,,0.0
23,,7,2024-10-05,0,0.0,87.0,357.0,,,,,,,2,,,,,,0.0
24,Djed Spence,7,2024-10-05,0,0.0,0.0,90.0,,,25.0,DF,,,1,,,,,,0.0
28,Wilson Odobert,7,2024-10-05,1,0.0,0.0,40.0,,0.0,20.0,"FW,MF",,,0,,,,,,0.0
29,Pape Matar Sarr,7,2024-10-05,0,0.0,21.0,388.0,,,23.0,MF,,,3,,,,,,0.0
30,Rodrigo Bentancur,7,2024-10-05,0,0.0,62.0,329.0,35.0,35.0,28.0,MF,,,2,,,,,,0.0
37,Micky van de Ven,7,2024-10-05,0,0.0,90.0,350.0,26.0,26.0,24.0,DF,,,2,,,,,,0.0
3,Radu Dragusin,8,2024-10-19,0,0.0,0.0,189.0,,,,,,,2,,,,,,0.0
4,Kevin Danso,8,2024-10-19,0,0.0,0.0,90.0,4.0,4.0,27.0,DF,,,1,,,,,,0.0
6,Jo√£o Palhinha,8,2024-10-19,0,0.0,0.0,181.0,,,30.0,MF,,,2,,,,,,0.0
7,Xavi Simons,8,2024-10-19,0,0.0,0.0,688.0,,,22.0,"FW,MF",,,3,,,,,,0.0
8,Yves Bissouma,8,2024-10-19,0,0.0,28.0,458.0,29.0,29.0,,,4.0,0.0,3,0.0,2.0,1.0,90.0,378.0,80.0
9,Richarlison,8,2024-10-19,1,0.0,0.0,10.0,,0.0,28.0,FW,56.0,0.0,1,0.0,0.0,0.0,0.0,0.0,10.0
10,James Maddison,8,2024-10-19,0,0.0,87.0,318.0,,,,,13.0,0.0,1,0.0,3.0,2.0,0.0,273.0,45.0
11,,8,2024-10-19,0,0.0,0.0,24.0,,,,,,,0,,,,,,0.0
13,Destiny Udogie,8,2024-10-19,0,0.0,90.0,427.0,19.0,19.0,22.0,DF,5.0,0.0,3,0.0,2.0,1.0,16.0,340.0,87.0
14,,8,2024-10-19,0,0.0,3.0,186.0,,,,,16.0,0.0,1,0.0,3.0,0.0,0.0,183.0,3.0
15,Lucas Bergvall,8,2024-10-19,0,0.0,3.0,92.0,,,19.0,MF,,,0,,,,,,0.0
17,Cristian Romero,8,2024-10-19,0,0.0,90.0,540.0,,,27.0,DF,4.0,0.0,2,0.0,2.0,2.0,90.0,450.0,90.0
19,Dominic Solanke,8,2024-10-19,0,0.0,87.0,458.0,40.0,40.0,,,9.0,0.0,2,0.0,3.0,1.0,0.0,378.0,80.0
20,,8,2024-10-19,0,85.0,220.0,498.0,,,,,4.0,0.0,3,0.0,2.0,1.0,90.0,413.0,85.0
21,Dejan Kulusevski,8,2024-10-19,0,0.0,90.0,611.0,,,,,5.0,0.0,3,0.0,2.0,1.0,90.0,521.0,90.0
22,Brennan Johnson,8,2024-10-19,0,0.0,69.0,440.0,,,24.0,FW,8.0,0.0,2,0.0,4.0,3.0,0.0,350.0,90.0
23,,8,2024-10-19,0,0.0,87.0,627.0,,,,,4.0,0.0,3,0.0,5.0,11.0,180.0,537.0,90.0
24,Djed Spence,8,2024-10-19,0,0.0,0.0,45.0,,,25.0,DF,,,0,,,,,,0.0
28,Wilson Odobert,8,2024-10-19,1,0.0,0.0,0.0,,0.0,20.0,"FW,MF",,,0,,,,,,0.0
29,Pape Matar Sarr,8,2024-10-19,0,0.0,21.0,353.0,,,23.0,MF,4.0,0.0,2,0.0,3.0,0.0,90.0,308.0,45.0
30,Rodrigo Bentancur,8,2024-10-19,0,0.0,62.0,260.0,49.0,49.0,28.0,MF,13.0,0.0,1,0.0,4.0,0.0,0.0,250.0,10.0
37,Micky van de Ven,8,2024-10-19,0,0.0,90.0,620.0,40.0,40.0,24.0,DF,5.0,0.0,3,0.0,5.0,10.0,90.0,530.0,90.0
3,Radu Dragusin,9,2024-10-27,0,0.0,0.0,272.0,,,,,,,1,,,,,,0.0
4,Kevin Danso,9,2024-10-27,0,0.0,0.0,180.0,12.0,12.0,27.0,DF,,,2,,,,,,0.0
6,Jo√£o Palhinha,9,2024-10-27,0,0.0,0.0,279.0,,,30.0,MF,,,3,,,,,,0.0
7,Xavi Simons,9,2024-10-27,1,0.0,0.0,593.0,,0.0,22.0,"FW,MF",,,2,,,,,,0.0
8,Yves Bissouma,9,2024-10-27,0,80.0,80.0,446.0,37.0,37.0,,,8.0,0.0,2,0.0,2.0,2.0,0.0,360.0,86.0
9,Richarlison,9,2024-10-27,0,10.0,10.0,102.0,8.0,8.0,28.0,FW,3.0,1.0,3,0.0,1.0,0.0,63.0,73.0,29.0
10,James Maddison,9,2024-10-27,0,45.0,45.0,364.0,,,,,3.0,1.0,3,0.0,3.0,1.0,72.0,303.0,61.0
11,,9,2024-10-27,0,0.0,0.0,46.0,,,,,,,1,,,,,,0.0
13,Destiny Udogie,9,2024-10-27,0,87.0,87.0,438.0,27.0,27.0,22.0,DF,3.0,1.0,3,0.0,3.0,3.0,90.0,348.0,90.0
14,,9,2024-10-27,0,3.0,3.0,183.0,,,,,,,2,,,,,,0.0
15,Lucas Bergvall,9,2024-10-27,0,0.0,0.0,150.0,,,19.0,MF,,,1,,,,,,0.0
17,Cristian Romero,9,2024-10-27,0,90.0,90.0,540.0,,,27.0,DF,8.0,0.0,2,0.0,2.0,0.0,0.0,450.0,90.0
19,Dominic Solanke,9,2024-10-27,0,80.0,80.0,404.0,48.0,48.0,,,3.0,1.0,3,0.0,2.0,1.0,27.0,314.0,90.0
20,,9,2024-10-27,0,85.0,215.0,395.0,,,,,,,1,,,,,,0.0
21,Dejan Kulusevski,9,2024-10-27,0,90.0,90.0,555.0,,,,,3.0,1.0,3,0.0,2.0,1.0,18.0,494.0,61.0
22,Brennan Johnson,9,2024-10-27,0,90.0,90.0,461.0,,,24.0,FW,3.0,1.0,3,0.0,3.0,1.0,45.0,371.0,90.0
23,,9,2024-10-27,0,90.0,90.0,630.0,,,,,8.0,0.0,2,0.0,5.0,12.0,0.0,540.0,90.0
24,Djed Spence,9,2024-10-27,1,0.0,0.0,45.0,,0.0,25.0,DF,,,0,,,,,,0.0
28,Wilson Odobert,9,2024-10-27,1,0.0,0.0,3.0,4.0,4.0,20.0,"FW,MF",,,1,,,,,,0.0
29,Pape Matar Sarr,9,2024-10-27,0,45.0,45.0,289.0,,,23.0,MF,3.0,1.0,3,0.0,2.0,0.0,18.0,260.0,29.0
30,Rodrigo Bentancur,9,2024-10-27,0,10.0,10.0,272.0,57.0,57.0,28.0,MF,3.0,1.0,3,0.0,3.0,0.0,90.0,268.0,4.0
37,Micky van de Ven,9,2024-10-27,0,90.0,90.0,530.0,48.0,48.0,24.0,DF,8.0,0.0,2,0.0,5.0,11.0,0.0,440.0,90.0
3,Radu Dragusin,10,2024-11-03,0,0.0,0.0,442.0,,,,,4.0,0.0,3,0.0,4.0,5.0,90.0,352.0,90.0
4,Kevin Danso,10,2024-11-03,0,0.0,0.0,270.0,19.0,19.0,27.0,DF,,,2,,,,,,0.0
6,Jo√£o Palhinha,10,2024-11-03,0,0.0,0.0,422.0,,,30.0,MF,,,3,,,,,,0.0
7,Xavi Simons,10,2024-11-03,1,0.0,0.0,413.0,,0.0,22.0,"FW,MF",,,0,,,,,,0.0
8,Yves Bissouma,10,2024-11-03,0,86.0,166.0,436.0,44.0,44.0,,,4.0,0.0,3,0.0,2.0,0.0,131.0,401.0,35.0
9,Richarlison,10,2024-11-03,1,29.0,39.0,150.0,15.0,15.0,28.0,FW,4.0,0.0,4,0.0,1.0,0.0,51.0,124.0,26.0
10,James Maddison,10,2024-11-03,0,61.0,106.0,271.0,,,,,7.0,0.0,3,0.0,3.0,0.0,61.0,262.0,9.0
11,,10,2024-11-03,0,0.0,0.0,86.0,,,,,,,2,,,,,,0.0
13,Destiny Udogie,10,2024-11-03,0,90.0,177.0,551.0,34.0,34.0,22.0,DF,4.0,0.0,4,0.0,3.0,1.0,167.0,470.0,81.0
14,,10,2024-11-03,0,0.0,3.0,192.0,,,,,4.0,0.0,3,0.0,4.0,0.0,90.0,183.0,9.0
15,Lucas Bergvall,10,2024-11-03,0,0.0,0.0,72.0,,,19.0,MF,,,1,,,,,,0.0
17,Cristian Romero,10,2024-11-03,1,90.0,180.0,471.0,,0.0,27.0,DF,4.0,0.0,3,0.0,2.0,1.0,141.0,411.0,60.0
19,Dominic Solanke,10,2024-11-03,0,90.0,170.0,485.0,55.0,55.0,,,4.0,0.0,4,0.0,3.0,3.0,180.0,395.0,90.0
20,,10,2024-11-03,0,0.0,170.0,350.0,,,,,,,0,,,,,,0.0
21,Dejan Kulusevski,10,2024-11-03,0,61.0,151.0,619.0,,,,,4.0,0.0,4,0.0,3.0,3.0,151.0,529.0,90.0
22,Brennan Johnson,10,2024-11-03,0,90.0,180.0,517.0,,,24.0,FW,4.0,0.0,4,0.0,4.0,3.0,157.0,427.0,90.0
23,,10,2024-11-03,0,90.0,180.0,540.0,,,,,7.0,0.0,2,0.0,5.0,13.0,90.0,450.0,90.0
24,Djed Spence,10,2024-11-03,1,0.0,0.0,0.0,,0.0,25.0,DF,,,0,,,,,,0.0
28,Wilson Odobert,10,2024-11-03,1,0.0,0.0,3.0,11.0,11.0,20.0,"FW,MF",,,1,,,,,,0.0
29,Pape Matar Sarr,10,2024-11-03,0,29.0,74.0,329.0,,,23.0,MF,4.0,0.0,4,0.0,2.0,2.0,74.0,239.0,90.0
30,Rodrigo Bentancur,10,2024-11-03,0,4.0,14.0,327.0,64.0,64.0,28.0,MF,4.0,0.0,4,0.0,3.0,2.0,94.0,272.0,55.0
37,Micky van de Ven,10,2024-11-03,1,90.0,180.0,463.0,55.0,55.0,24.0,DF,,,2,,,,,,0.0
3,Radu Dragusin,11,2024-11-10,0,90.0,90.0,622.0,,,,,3.0,1.0,3,0.0,5.0,7.0,180.0,450.0,90.0
4,Kevin Danso,11,2024-11-10,0,0.0,0.0,360.0,26.0,26.0,27.0,DF,,,2,,,,,,0.0
6,Jo√£o Palhinha,11,2024-11-10,0,0.0,0.0,520.0,,,30.0,MF,,,3,,,,,,0.0
7,Xavi Simons,11,2024-11-10,1,0.0,0.0,338.0,,0.0,22.0,"FW,MF",,,0,,,,,,0.0
8,Yves Bissouma,11,2024-11-10,0,35.0,201.0,521.0,51.0,51.0,,,3.0,1.0,3,0.0,3.0,0.0,125.0,426.0,7.0
9,Richarlison,11,2024-11-10,1,26.0,65.0,150.0,22.0,22.0,28.0,FW,,,1,,,,,,0.0
10,James Maddison,11,2024-11-10,0,9.0,115.0,259.0,,,,,3.0,1.0,3,0.0,3.0,0.0,74.0,252.0,7.0
11,,11,2024-11-10,0,0.0,0.0,67.0,,,,,,,0,,,,,,0.0
13,Destiny Udogie,11,2024-11-10,0,81.0,258.0,531.0,41.0,41.0,22.0,DF,7.0,0.0,2,0.0,4.0,2.0,81.0,441.0,90.0
14,,11,2024-11-10,0,9.0,12.0,282.0,,,,,,,2,,,,,,0.0
15,Lucas Bergvall,11,2024-11-10,0,0.0,0.0,137.0,,,19.0,MF,,,1,,,,,,0.0
17,Cristian Romero,11,2024-11-10,0,60.0,240.0,471.0,2.0,2.0,27.0,DF,7.0,0.0,2,0.0,3.0,2.0,60.0,381.0,90.0
19,Dominic Solanke,11,2024-11-10,0,90.0,260.0,492.0,62.0,62.0,,,3.0,1.0,3,0.0,3.0,1.0,115.0,402.0,90.0
20,,11,2024-11-10,0,0.0,85.0,175.0,,,,,,,0,,,,,,0.0
21,Dejan Kulusevski,11,2024-11-10,0,90.0,241.0,664.0,,,,,3.0,1.0,3,0.0,3.0,1.0,135.0,484.0,90.0
22,Brennan Johnson,11,2024-11-10,0,90.0,270.0,555.0,,,24.0,FW,3.0,1.0,3,0.0,4.0,5.0,135.0,427.0,83.0
23,,11,2024-11-10,0,90.0,270.0,630.0,,,,,3.0,1.0,3,0.0,5.0,15.0,180.0,450.0,90.0
24,Djed Spence,11,2024-11-10,0,0.0,0.0,0.0,2.0,2.0,25.0,DF,,,0,,,,,,0.0
28,Wilson Odobert,11,2024-11-10,1,0.0,0.0,3.0,18.0,18.0,20.0,"FW,MF",,,0,,,,,,0.0
29,Pape Matar Sarr,11,2024-11-10,0,90.0,164.0,407.0,,,23.0,MF,3.0,1.0,3,0.0,2.0,1.0,115.0,342.0,65.0
30,Rodrigo Bentancur,11,2024-11-10,0,55.0,69.0,377.0,71.0,71.0,28.0,MF,3.0,1.0,3,0.0,3.0,1.0,100.0,294.0,83.0
37,Micky van de Ven,11,2024-11-10,1,0.0,180.0,373.0,62.0,62.0,24.0,DF,,,0,,,,,,0.0
3,Radu Dragusin,12,2024-11-23,0,90.0,180.0,697.0,,,,,5.0,0.0,3,0.0,5.0,10.0,67.0,517.0,90.0
4,Kevin Danso,12,2024-11-23,0,0.0,0.0,450.0,39.0,39.0,27.0,DF,,,2,,,,,,0.0
6,Jo√£o Palhinha,12,2024-11-23,1,0.0,0.0,317.0,,0.0,30.0,MF,,,0,,,,,,0.0
7,Xavi Simons,12,2024-11-23,1,0.0,0.0,0.0,,0.0,22.0,"FW,MF",,,0,,,,,,0.0
8,Yves Bissouma,12,2024-11-23,0,7.0,128.0,488.0,64.0,64.0,,,4.0,0.0,3,0.0,1.0,1.0,45.0,398.0,90.0
9,Richarlison,12,2024-11-23,1,0.0,55.0,140.0,35.0,35.0,28.0,FW,,,0,,,,,,0.0
10,James Maddison,12,2024-11-23,0,7.0,77.0,303.0,,,,,13.0,0.0,1,0.0,2.0,1.0,0.0,142.0,89.0
11,,12,2024-11-23,0,0.0,0.0,67.0,,,,,,,0,,,,,,0.0
13,Destiny Udogie,12,2024-11-23,0,90.0,261.0,545.0,54.0,54.0,22.0,DF,6.0,0.0,3,0.0,2.0,1.0,7.0,366.0,89.0
14,,12,2024-11-23,0,0.0,9.0,279.0,,,,,,,0,,,,,,0.0
15,Lucas Bergvall,12,2024-11-23,0,0.0,0.0,162.0,,,19.0,MF,4.0,0.0,2,0.0,3.0,0.0,24.0,89.0,1.0
17,Cristian Romero,12,2024-11-23,1,90.0,240.0,336.0,15.0,15.0,27.0,DF,,,1,,,,,,0.0
19,Dominic Solanke,12,2024-11-23,0,90.0,270.0,517.0,75.0,75.0,,,6.0,0.0,2,0.0,3.0,1.0,15.0,400.0,90.0
20,,12,2024-11-23,0,0.0,0.0,174.0,,,,,,,2,,,,,,0.0
21,Dejan Kulusevski,12,2024-11-23,0,90.0,241.0,664.0,,,,,4.0,0.0,3,0.0,3.0,1.0,180.0,556.0,90.0
22,Brennan Johnson,12,2024-11-23,0,83.0,263.0,627.0,,,24.0,FW,4.0,0.0,3,0.0,5.0,0.0,179.0,554.0,28.0
23,,12,2024-11-23,0,90.0,270.0,540.0,,,,,8.0,0.0,2,0.0,5.0,17.0,0.0,450.0,90.0
24,Djed Spence,12,2024-11-23,0,0.0,0.0,1.0,15.0,15.0,25.0,DF,55.0,0.0,1,0.0,0.0,0.0,0.0,0.0,1.0
28,Wilson Odobert,12,2024-11-23,1,0.0,0.0,3.0,31.0,31.0,20.0,"FW,MF",,,0,,,,,,0.0
29,Pape Matar Sarr,12,2024-11-23,0,65.0,184.0,450.0,,,23.0,MF,4.0,0.0,3,0.0,3.0,2.0,86.0,343.0,89.0
30,Rodrigo Bentancur,12,2024-11-23,0,83.0,142.0,547.0,84.0,84.0,28.0,MF,,,2,,,,,,0.0
37,Micky van de Ven,12,2024-11-23,1,0.0,90.0,103.0,75.0,75.0,24.0,DF,,,0,,,,,,0.0
3,Radu Dragusin,13,2024-12-01,0,90.0,270.0,697.0,,,,,3.0,1.0,3,0.0,5.0,12.0,90.0,607.0,90.0
4,Kevin Danso,13,2024-12-01,0,0.0,0.0,450.0,47.0,47.0,27.0,DF,,,2,,,,,,0.0
6,Jo√£o Palhinha,13,2024-12-01,1,0.0,0.0,167.0,,0.0,30.0,MF,,,0,,,,,,0.0
7,Xavi Simons,13,2024-12-01,1,0.0,0.0,0.0,,0.0,22.0,"FW,MF",,,0,,,,,,0.0
8,Yves Bissouma,13,2024-12-01,0,90.0,132.0,469.0,72.0,72.0,,,3.0,1.0,3,0.0,1.0,1.0,22.0,379.0,90.0
9,Richarlison,13,2024-12-01,1,0.0,26.0,26.0,43.0,43.0,28.0,FW,,,0,,,,,,0.0
10,James Maddison,13,2024-12-01,0,89.0,105.0,276.0,,,,,3.0,1.0,3,0.0,2.0,1.0,22.0,192.0,84.0
11,,13,2024-12-01,0,0.0,0.0,61.0,,,,,,,1,,,,,,0.0
13,Destiny Udogie,13,2024-12-01,0,89.0,260.0,378.0,62.0,62.0,22.0,DF,8.0,0.0,2,0.0,3.0,2.0,0.0,288.0,90.0
14,,13,2024-12-01,0,0.0,9.0,194.0,,,,,3.0,1.0,2,0.0,4.0,0.0,90.0,189.0,5.0
15,Lucas Bergvall,13,2024-12-01,0,1.0,1.0,109.0,,,19.0,MF,3.0,1.0,3,0.0,2.0,0.0,13.0,103.0,6.0
17,Cristian Romero,13,2024-12-01,1,0.0,150.0,195.0,23.0,23.0,27.0,DF,,,0,,,,,,0.0
19,Dominic Solanke,13,2024-12-01,1,90.0,270.0,400.0,83.0,83.0,,,,,2,,,,,,0.0
20,,13,2024-12-01,0,0.0,0.0,174.0,,,,,,,0,,,,,,0.0
21,Dejan Kulusevski,13,2024-12-01,0,90.0,270.0,608.0,,,,,3.0,1.0,3,0.0,4.0,0.0,90.0,585.0,23.0
22,Brennan Johnson,13,2024-12-01,0,28.0,201.0,583.0,,,24.0,FW,3.0,1.0,3,0.0,4.0,2.0,68.0,493.0,90.0
23,,13,2024-12-01,0,90.0,270.0,630.0,,,,,3.0,1.0,3,0.0,5.0,19.0,90.0,540.0,90.0
24,Djed Spence,13,2024-12-01,0,1.0,1.0,1.0,23.0,23.0,25.0,DF,,,1,,,,,,0.0
28,Wilson Odobert,13,2024-12-01,1,0.0,0.0,0.0,39.0,39.0,20.0,"FW,MF",,,0,,,,,,0.0
29,Pape Matar Sarr,13,2024-12-01,0,89.0,244.0,510.0,,,23.0,MF,3.0,1.0,3,0.0,4.0,4.0,68.0,426.0,84.0
30,Rodrigo Bentancur,13,2024-12-01,0,0.0,138.0,440.0,92.0,92.0,28.0,MF,,,1,,,,,,0.0
37,Micky van de Ven,13,2024-12-01,1,0.0,0.0,0.0,83.0,83.0,24.0,DF,,,0,,,,,,0.0
3,Radu Dragusin,14,2024-12-03,0,90.0,270.0,697.0,,,,,,,3,,,,,,0.0
4,Kevin Danso,14,2024-12-03,0,0.0,0.0,360.0,49.0,49.0,27.0,DF,,,2,,,,,,0.0
6,Jo√£o Palhinha,14,2024-12-03,1,0.0,0.0,99.0,,0.0,30.0,MF,,,0,,,,,,0.0
7,Xavi Simons,14,2024-12-03,1,0.0,0.0,0.0,,0.0,22.0,"FW,MF",,,0,,,,,,0.0
8,Yves Bissouma,14,2024-12-03,0,90.0,187.0,469.0,74.0,74.0,,,,,3,,,,,,0.0
9,Richarlison,14,2024-12-03,1,0.0,0.0,26.0,45.0,45.0,28.0,FW,,,0,,,,,,0.0
10,James Maddison,14,2024-12-03,0,84.0,180.0,276.0,,,,,,,3,,,,,,0.0
11,,14,2024-12-03,0,0.0,0.0,68.0,,,,,,,2,,,,,,0.0
13,Destiny Udogie,14,2024-12-03,0,90.0,269.0,378.0,64.0,64.0,22.0,DF,,,2,,,,,,0.0
14,,14,2024-12-03,0,5.0,5.0,194.0,,,,,,,2,,,,,,0.0
15,Lucas Bergvall,14,2024-12-03,0,6.0,7.0,109.0,,,19.0,MF,,,3,,,,,,0.0
17,Cristian Romero,14,2024-12-03,1,0.0,90.0,195.0,25.0,25.0,27.0,DF,,,0,,,,,,0.0
19,Dominic Solanke,14,2024-12-03,0,0.0,180.0,400.0,85.0,1.0,,,,,2,,,,,,0.0
20,,14,2024-12-03,0,0.0,0.0,252.0,,,,,15.0,0.0,1,0.0,2.0,1.0,0.0,174.0,78.0
21,Dejan Kulusevski,14,2024-12-03,0,23.0,203.0,608.0,,,,,,,3,,,,,,0.0
22,Brennan Johnson,14,2024-12-03,0,90.0,201.0,583.0,,,24.0,FW,,,3,,,,,,0.0
23,,14,2024-12-03,0,90.0,270.0,630.0,,,,,,,3,,,,,,0.0
24,Djed Spence,14,2024-12-03,0,0.0,1.0,1.0,25.0,25.0,25.0,DF,,,1,,,,,,0.0
28,Wilson Odobert,14,2024-12-03,1,0.0,0.0,0.0,41.0,41.0,20.0,"FW,MF",,,0,,,,,,0.0
29,Pape Matar Sarr,14,2024-12-03,0,84.0,238.0,510.0,,,23.0,MF,,,3,,,,,,0.0
30,Rodrigo Bentancur,14,2024-12-03,0,0.0,83.0,440.0,94.0,94.0,28.0,MF,,,1,,,,,,0.0
37,Micky van de Ven,14,2024-12-03,1,0.0,0.0,0.0,85.0,85.0,24.0,DF,,,0,,,,,,0.0
3,Radu Dragusin,15,2024-12-08,0,0.0,180.0,683.0,,,,,3.0,1.0,4,1.0,5.0,0.0,180.0,607.0,76.0
4,Kevin Danso,15,2024-12-08,0,0.0,0.0,450.0,54.0,54.0,27.0,DF,,,2,,,,,,0.0
6,Jo√£o Palhinha,15,2024-12-08,1,0.0,0.0,9.0,,0.0,30.0,MF,,,0,,,,,,0.0
7,Xavi Simons,15,2024-12-08,1,0.0,0.0,0.0,,0.0,22.0,"FW,MF",,,0,,,,,,0.0
8,Yves Bissouma,15,2024-12-08,0,0.0,180.0,501.0,79.0,79.0,,,3.0,1.0,4,0.0,3.0,3.0,169.0,423.0,78.0
9,Richarlison,15,2024-12-08,1,0.0,0.0,0.0,50.0,50.0,28.0,FW,,,0,,,,,,0.0
10,James Maddison,15,2024-12-08,0,0.0,173.0,293.0,,,,,3.0,1.0,4,0.0,2.0,0.0,163.0,281.0,12.0
11,,15,2024-12-08,0,0.0,0.0,68.0,,,,,,,2,,,,,,0.0
13,Destiny Udogie,15,2024-12-08,0,0.0,179.0,477.0,69.0,69.0,22.0,DF,3.0,1.0,3,0.0,3.0,4.0,180.0,387.0,90.0
14,,15,2024-12-08,0,0.0,5.0,197.0,,,,,3.0,1.0,4,0.0,3.0,0.0,95.0,185.0,12.0
15,Lucas Bergvall,15,2024-12-08,0,0.0,7.0,67.0,,,19.0,MF,3.0,1.0,4,0.0,0.0,0.0,17.0,55.0,12.0
17,Cristian Romero,15,2024-12-08,1,0.0,0.0,149.0,30.0,2.0,27.0,DF,24.0,0.0,1,0.0,3.0,4.0,0.0,135.0,14.0
19,Dominic Solanke,15,2024-12-08,0,0.0,90.0,465.0,90.0,6.0,,,3.0,1.0,3,0.0,4.0,4.0,90.0,375.0,90.0
20,,15,2024-12-08,0,78.0,78.0,252.0,,,,,,,1,,,,,,0.0
21,Dejan Kulusevski,15,2024-12-08,0,0.0,113.0,641.0,,,,,3.0,1.0,4,0.0,3.0,2.0,113.0,563.0,78.0
22,Brennan Johnson,15,2024-12-08,0,0.0,118.0,590.0,,,24.0,FW,3.0,1.0,4,0.0,4.0,4.0,180.0,538.0,52.0
23,,15,2024-12-08,0,0.0,180.0,569.0,,,,,3.0,1.0,4,0.0,4.0,1.0,119.0,479.0,90.0
24,Djed Spence,15,2024-12-08,0,0.0,1.0,1.0,30.0,30.0,25.0,DF,,,0,,,,,,0.0
28,Wilson Odobert,15,2024-12-08,1,0.0,0.0,0.0,46.0,46.0,20.0,"FW,MF",,,0,,,,,,0.0
29,Pape Matar Sarr,15,2024-12-08,0,0.0,173.0,541.0,,,23.0,MF,3.0,1.0,4,0.0,5.0,6.0,140.0,451.0,90.0
30,Rodrigo Bentancur,15,2024-12-08,0,0.0,0.0,340.0,99.0,99.0,28.0,MF,,,1,,,,,,0.0
37,Micky van de Ven,15,2024-12-08,1,0.0,0.0,78.0,90.0,1.0,24.0,DF,39.0,0.0,1,0.0,5.0,13.0,0.0,0.0,78.0
3,Radu Dragusin,16,2024-12-15,0,76.0,166.0,773.0,,,,,3.0,1.0,4,0.0,4.0,2.0,166.0,593.0,90.0
4,Kevin Danso,16,2024-12-15,0,0.0,0.0,360.0,61.0,61.0,27.0,DF,,,2,,,,,,0.0
6,Jo√£o Palhinha,16,2024-12-15,1,0.0,0.0,0.0,,0.0,30.0,MF,,,0,,,,,,0.0
7,Xavi Simons,16,2024-12-15,1,0.0,0.0,0.0,,0.0,22.0,"FW,MF",,,0,,,,,,0.0
8,Yves Bissouma,16,2024-12-15,0,78.0,168.0,554.0,86.0,86.0,,,,,3,,,,,,0.0
9,Richarlison,16,2024-12-15,1,0.0,0.0,0.0,57.0,57.0,28.0,FW,,,0,,,,,,0.0
10,James Maddison,16,2024-12-15,0,12.0,96.0,452.0,,,,,3.0,1.0,4,0.0,2.0,2.0,102.0,376.0,76.0
11,,16,2024-12-15,0,0.0,0.0,121.0,,,,,,,2,,,,,,0.0
13,Destiny Udogie,16,2024-12-15,0,90.0,180.0,483.0,76.0,76.0,22.0,DF,3.0,1.0,4,1.0,5.0,6.0,180.0,456.0,27.0
14,,16,2024-12-15,0,12.0,17.0,377.0,,,,,3.0,1.0,4,0.0,3.0,2.0,102.0,287.0,90.0
15,Lucas Bergvall,16,2024-12-15,0,12.0,18.0,187.0,,,19.0,MF,3.0,1.0,4,0.0,0.0,1.0,42.0,97.0,90.0
17,Cristian Romero,16,2024-12-15,1,14.0,14.0,14.0,37.0,9.0,27.0,DF,,,1,,,,,,0.0
19,Dominic Solanke,16,2024-12-15,0,90.0,90.0,487.0,97.0,13.0,,,3.0,1.0,4,0.0,4.0,1.0,121.0,406.0,81.0
20,,16,2024-12-15,0,0.0,78.0,338.0,,,,,,,1,,,,,,0.0
21,Dejan Kulusevski,16,2024-12-15,0,78.0,101.0,686.0,,,,,3.0,1.0,4,0.0,3.0,1.0,123.0,506.0,90.0
22,Brennan Johnson,16,2024-12-15,0,52.0,142.0,611.0,,,24.0,FW,3.0,1.0,4,0.0,5.0,0.0,111.0,476.0,45.0
23,,16,2024-12-15,0,90.0,180.0,632.0,,,,,3.0,1.0,4,0.0,4.0,0.0,180.0,479.0,63.0
24,Djed Spence,16,2024-12-15,0,0.0,0.0,77.0,37.0,37.0,25.0,DF,22.0,0.0,1,0.0,0.0,1.0,0.0,1.0,76.0
28,Wilson Odobert,16,2024-12-15,1,0.0,0.0,0.0,53.0,53.0,20.0,"FW,MF",,,0,,,,,,0.0
29,Pape Matar Sarr,16,2024-12-15,0,90.0,174.0,593.0,,,23.0,MF,3.0,1.0,4,0.0,4.0,1.0,120.0,503.0,90.0
30,Rodrigo Bentancur,16,2024-12-15,0,0.0,0.0,317.0,106.0,106.0,28.0,MF,,,1,,,,,,0.0
37,Micky van de Ven,16,2024-12-15,1,78.0,78.0,78.0,97.0,8.0,24.0,DF,,,1,,,,,,0.0
3,Radu Dragusin,17,2024-12-21,0,90.0,166.0,706.0,,,,,,,3,,,,,,0.0
4,Kevin Danso,17,2024-12-21,0,0.0,0.0,360.0,67.0,67.0,27.0,DF,,,1,,,,,,0.0
6,Jo√£o Palhinha,17,2024-12-21,1,0.0,0.0,0.0,,0.0,30.0,MF,,,0,,,,,,0.0
7,Xavi Simons,17,2024-12-21,1,0.0,0.0,0.0,,0.0,22.0,"FW,MF",,,0,,,,,,0.0
8,Yves Bissouma,17,2024-12-21,0,0.0,78.0,509.0,92.0,92.0,,,,,2,,,,,,0.0
9,Richarlison,17,2024-12-21,1,0.0,0.0,0.0,63.0,63.0,28.0,FW,,,0,,,,,,0.0
10,James Maddison,17,2024-12-21,0,76.0,88.0,530.0,,,,,,,3,,,,,,0.0
11,,17,2024-12-21,0,0.0,0.0,130.0,,,,,,,2,,,,,,0.0
13,Destiny Udogie,17,2024-12-21,0,27.0,117.0,476.0,82.0,82.0,22.0,DF,,,2,,,,,,0.0
14,,17,2024-12-21,0,90.0,102.0,467.0,,,,,,,3,,,,,,0.0
15,Lucas Bergvall,17,2024-12-21,0,90.0,102.0,175.0,,,19.0,MF,,,3,,,,,,0.0
17,Cristian Romero,17,2024-12-21,1,0.0,14.0,14.0,43.0,15.0,27.0,DF,,,0,,,,,,0.0
19,Dominic Solanke,17,2024-12-21,0,81.0,171.0,561.0,103.0,19.0,,,,,3,,,,,,0.0
20,,17,2024-12-21,0,0.0,78.0,328.0,,,,,5.0,0.0,2,0.0,4.0,4.0,74.0,238.0,90.0
21,Dejan Kulusevski,17,2024-12-21,0,90.0,168.0,596.0,,,,,,,3,,,,,,0.0
22,Brennan Johnson,17,2024-12-21,0,45.0,97.0,433.0,,,24.0,FW,,,3,,,,,,0.0
23,,17,2024-12-21,0,63.0,153.0,632.0,,,,,,,3,,,,,,0.0
24,Djed Spence,17,2024-12-21,0,76.0,76.0,166.0,43.0,43.0,25.0,DF,,,2,,,,,,0.0
28,Wilson Odobert,17,2024-12-21,1,0.0,0.0,0.0,59.0,59.0,20.0,"FW,MF",,,0,,,,,,0.0
29,Pape Matar Sarr,17,2024-12-21,0,90.0,180.0,597.0,,,23.0,MF,,,3,,,,,,0.0
30,Rodrigo Bentancur,17,2024-12-21,0,0.0,0.0,137.0,112.0,112.0,28.0,MF,,,1,,,,,,0.0
37,Micky van de Ven,17,2024-12-21,1,0.0,78.0,78.0,103.0,14.0,24.0,DF,,,0,,,,,,0.0
3,Radu Dragusin,18,2024-12-26,0,0.0,166.0,792.0,,,,,4.0,0.0,3,0.0,4.0,5.0,180.0,706.0,86.0
4,Kevin Danso,18,2024-12-26,0,0.0,0.0,390.0,72.0,72.0,27.0,DF,,,1,,,,,,0.0
6,Jo√£o Palhinha,18,2024-12-26,1,0.0,0.0,0.0,,0.0,30.0,MF,,,0,,,,,,0.0
7,Xavi Simons,18,2024-12-26,1,0.0,0.0,0.0,,0.0,22.0,"FW,MF",,,0,,,,,,0.0
8,Yves Bissouma,18,2024-12-26,0,0.0,78.0,513.0,97.0,97.0,,,4.0,0.0,3,0.0,5.0,0.0,180.0,509.0,4.0
9,Richarlison,18,2024-12-26,1,0.0,0.0,0.0,68.0,68.0,28.0,FW,,,0,,,,,,0.0
10,James Maddison,18,2024-12-26,0,0.0,88.0,525.0,,,,,4.0,0.0,3,0.0,4.0,0.0,135.0,498.0,27.0
11,,18,2024-12-26,0,0.0,0.0,130.0,,,,,,,1,,,,,,0.0
13,Destiny Udogie,18,2024-12-26,0,0.0,117.0,467.0,87.0,87.0,22.0,DF,11.0,0.0,1,0.0,5.0,7.0,0.0,387.0,80.0
14,,18,2024-12-26,0,0.0,102.0,647.0,,,,,4.0,0.0,3,0.0,4.0,5.0,180.0,557.0,90.0
15,Lucas Bergvall,18,2024-12-26,0,0.0,102.0,234.0,,,19.0,MF,4.0,0.0,3,0.0,1.0,0.0,45.0,207.0,27.0
17,Cristian Romero,18,2024-12-26,1,0.0,14.0,14.0,48.0,20.0,27.0,DF,,,0,,,,,,0.0
19,Dominic Solanke,18,2024-12-26,0,0.0,171.0,651.0,108.0,24.0,,,4.0,0.0,3,0.0,4.0,4.0,179.0,561.0,90.0
20,,18,2024-12-26,0,90.0,90.0,418.0,,,,,5.0,0.0,3,0.0,4.0,5.0,90.0,328.0,90.0
21,Dejan Kulusevski,18,2024-12-26,0,0.0,168.0,686.0,,,,,4.0,0.0,3,0.0,4.0,4.0,180.0,596.0,90.0
22,Brennan Johnson,18,2024-12-26,0,0.0,97.0,528.0,,,24.0,FW,4.0,0.0,3,0.0,2.0,1.0,34.0,438.0,90.0
23,,18,2024-12-26,0,0.0,153.0,642.0,,,,,4.0,0.0,3,0.0,4.0,0.0,180.0,632.0,10.0
24,Djed Spence,18,2024-12-26,0,0.0,76.0,344.0,48.0,48.0,25.0,DF,4.0,0.0,3,0.0,3.0,4.0,179.0,255.0,89.0
28,Wilson Odobert,18,2024-12-26,1,0.0,0.0,0.0,64.0,64.0,20.0,"FW,MF",,,0,,,,,,0.0
29,Pape Matar Sarr,18,2024-12-26,0,0.0,180.0,565.0,,,23.0,MF,,,2,,,,,,0.0
30,Rodrigo Bentancur,18,2024-12-26,0,0.0,0.0,200.0,117.0,117.0,28.0,MF,14.0,0.0,1,0.0,5.0,6.0,0.0,137.0,63.0
37,Micky van de Ven,18,2024-12-26,1,0.0,78.0,78.0,108.0,19.0,24.0,DF,,,0,,,,,,0.0
3,Radu Dragusin,19,2024-12-29,0,86.0,176.0,792.0,,,,,3.0,1.0,4,1.0,5.0,6.0,176.0,702.0,90.0
4,Kevin Danso,19,2024-12-29,0,0.0,0.0,390.0,75.0,75.0,27.0,DF,,,1,,,,,,0.0
6,Jo√£o Palhinha,19,2024-12-29,1,0.0,0.0,0.0,,0.0,30.0,MF,,,0,,,,,,0.0
7,Xavi Simons,19,2024-12-29,1,0.0,0.0,0.0,,0.0,22.0,"FW,MF",,,0,,,,,,0.0
8,Yves Bissouma,19,2024-12-29,0,4.0,4.0,554.0,100.0,100.0,,,3.0,1.0,4,0.0,4.0,1.0,94.0,491.0,63.0
9,Richarlison,19,2024-12-29,1,0.0,0.0,0.0,71.0,71.0,28.0,FW,,,0,,,,,,0.0
10,James Maddison,19,2024-12-29,0,27.0,103.0,530.0,,,,,3.0,1.0,4,0.0,4.0,0.0,84.0,503.0,27.0
11,,19,2024-12-29,0,0.0,0.0,130.0,,,,,,,1,,,,,,0.0
13,Destiny Udogie,19,2024-12-29,1,80.0,107.0,516.0,90.0,90.0,22.0,DF,3.0,1.0,2,0.0,5.0,8.0,80.0,467.0,49.0
14,,19,2024-12-29,0,90.0,180.0,647.0,,,,,3.0,1.0,4,1.0,5.0,6.0,180.0,557.0,90.0
15,Lucas Bergvall,19,2024-12-29,0,27.0,117.0,221.0,,,19.0,MF,,,3,,,,,,0.0
17,Cristian Romero,19,2024-12-29,1,0.0,0.0,14.0,51.0,23.0,27.0,DF,,,0,,,,,,0.0
19,Dominic Solanke,19,2024-12-29,0,90.0,171.0,651.0,111.0,27.0,,,3.0,1.0,4,1.0,4.0,5.0,180.0,561.0,90.0
20,,19,2024-12-29,0,90.0,180.0,498.0,,,,,3.0,1.0,3,0.0,5.0,6.0,90.0,418.0,80.0
21,Dejan Kulusevski,19,2024-12-29,0,90.0,180.0,686.0,,,,,3.0,1.0,4,1.0,4.0,5.0,180.0,596.0,90.0
22,Brennan Johnson,19,2024-12-29,0,90.0,135.0,523.0,,,24.0,FW,3.0,1.0,4,0.0,2.0,2.0,123.0,460.0,63.0
23,,19,2024-12-29,0,10.0,73.0,642.0,,,,,3.0,1.0,4,0.0,3.0,1.0,100.0,552.0,90.0
24,Djed Spence,19,2024-12-29,0,89.0,165.0,344.0,51.0,51.0,25.0,DF,,,3,,,,,,0.0
28,Wilson Odobert,19,2024-12-29,1,0.0,0.0,0.0,67.0,67.0,20.0,"FW,MF",,,0,,,,,,0.0
29,Pape Matar Sarr,19,2024-12-29,0,0.0,90.0,497.0,,,23.0,MF,,,2,,,,,,0.0
30,Rodrigo Bentancur,19,2024-12-29,0,63.0,63.0,213.0,120.0,120.0,28.0,MF,3.0,1.0,2,0.0,5.0,7.0,63.0,123.0,90.0
37,Micky van de Ven,19,2024-12-29,1,0.0,0.0,78.0,111.0,22.0,24.0,DF,,,0,,,,,,0.0
3,Radu Dragusin,20,2025-01-04,0,90.0,176.0,747.0,,,,,6.0,0.0,3,0.0,5.0,7.0,90.0,612.0,45.0
4,Kevin Danso,20,2025-01-04,0,0.0,0.0,300.0,81.0,81.0,27.0,DF,,,0,,,,,,0.0
6,Jo√£o Palhinha,20,2025-01-04,1,0.0,0.0,0.0,,0.0,30.0,MF,,,0,,,,,,0.0
7,Xavi Simons,20,2025-01-04,0,0.0,0.0,0.0,3.0,3.0,22.0,"FW,MF",,,0,,,,,,0.0
8,Yves Bissouma,20,2025-01-04,0,63.0,67.0,493.0,106.0,106.0,,,6.0,0.0,3,0.0,4.0,0.0,63.0,385.0,29.0
9,Richarlison,20,2025-01-04,1,0.0,0.0,0.0,77.0,77.0,28.0,FW,,,0,,,,,,0.0
10,James Maddison,20,2025-01-04,0,27.0,54.0,475.0,,,,,6.0,0.0,3,0.0,3.0,0.0,27.0,367.0,29.0
11,,20,2025-01-04,0,0.0,0.0,62.0,,,,,,,0,,,,,,0.0
13,Destiny Udogie,20,2025-01-04,1,49.0,129.0,426.0,96.0,96.0,22.0,DF,,,2,,,,,,0.0
14,,20,2025-01-04,0,90.0,180.0,732.0,,,,,6.0,0.0,3,0.0,5.0,7.0,90.0,552.0,90.0
15,Lucas Bergvall,20,2025-01-04,0,0.0,27.0,276.0,,,19.0,MF,9.0,0.0,2,0.0,1.0,1.0,0.0,204.0,61.0
17,Cristian Romero,20,2025-01-04,1,0.0,0.0,14.0,57.0,29.0,27.0,DF,,,0,,,,,,0.0
19,Dominic Solanke,20,2025-01-04,0,90.0,180.0,741.0,117.0,33.0,,,6.0,0.0,3,0.0,5.0,6.0,90.0,561.0,90.0
20,,20,2025-01-04,0,80.0,260.0,491.0,,,,,6.0,0.0,3,0.0,5.0,7.0,80.0,420.0,71.0
21,Dejan Kulusevski,20,2025-01-04,0,90.0,180.0,753.0,,,,,6.0,0.0,3,0.0,5.0,0.0,90.0,573.0,90.0
22,Brennan Johnson,20,2025-01-04,0,63.0,153.0,523.0,,,24.0,FW,6.0,0.0,3,0.0,2.0,3.0,63.0,343.0,90.0
23,,20,2025-01-04,0,90.0,100.0,642.0,,,,,6.0,0.0,3,0.0,3.0,2.0,90.0,523.0,90.0
24,Djed Spence,20,2025-01-04,0,0.0,89.0,434.0,57.0,57.0,25.0,DF,9.0,0.0,2,0.0,4.0,5.0,0.0,344.0,90.0
28,Wilson Odobert,20,2025-01-04,1,0.0,0.0,0.0,73.0,73.0,20.0,"FW,MF",,,0,,,,,,0.0
29,Pape Matar Sarr,20,2025-01-04,0,0.0,0.0,474.0,,,23.0,MF,13.0,0.0,1,0.0,4.0,4.0,0.0,357.0,61.0
30,Rodrigo Bentancur,20,2025-01-04,0,90.0,153.0,213.0,126.0,126.0,28.0,MF,,,2,,,,,,0.0
37,Micky van de Ven,20,2025-01-04,1,0.0,0.0,78.0,117.0,28.0,24.0,DF,,,0,,,,,,0.0
3,Radu Dragusin,21,2025-01-14,0,45.0,221.0,671.0,,,,,,,3,,,,,,0.0
4,Kevin Danso,21,2025-01-14,0,0.0,0.0,300.0,91.0,91.0,27.0,DF,,,2,,,,,,0.0
6,Jo√£o Palhinha,21,2025-01-14,1,0.0,0.0,0.0,,0.0,30.0,MF,,,0,,,,,,0.0
7,Xavi Simons,21,2025-01-14,0,0.0,0.0,64.0,13.0,13.0,22.0,"FW,MF",,,1,,,,,,0.0
8,Yves Bissouma,21,2025-01-14,0,29.0,96.0,486.0,116.0,116.0,,,,,3,,,,,,0.0
9,Richarlison,21,2025-01-14,1,0.0,0.0,0.0,87.0,87.0,28.0,FW,,,0,,,,,,0.0
10,James Maddison,21,2025-01-14,0,29.0,83.0,384.0,,,,,,,2,,,,,,0.0
11,,21,2025-01-14,0,0.0,0.0,9.0,,,,,,,0,,,,,,0.0
13,Destiny Udogie,21,2025-01-14,1,0.0,129.0,156.0,106.0,106.0,22.0,DF,,,0,,,,,,0.0
14,,21,2025-01-14,0,90.0,270.0,750.0,,,,,,,3,,,,,,0.0
15,Lucas Bergvall,21,2025-01-14,0,61.0,88.0,366.0,,,19.0,MF,,,3,,,,,,0.0
17,Cristian Romero,21,2025-01-14,1,0.0,0.0,0.0,67.0,39.0,27.0,DF,,,0,,,,,,0.0
19,Dominic Solanke,21,2025-01-14,0,90.0,270.0,673.0,127.0,43.0,,,,,3,,,,,,0.0
20,,21,2025-01-14,0,71.0,241.0,557.0,,,,,4.0,0.0,3,0.0,5.0,9.0,90.0,421.0,62.0
21,Dejan Kulusevski,21,2025-01-14,0,90.0,270.0,660.0,,,,,,,3,,,,,,0.0
22,Brennan Johnson,21,2025-01-14,0,90.0,243.0,518.0,,,24.0,FW,,,3,,,,,,0.0
23,,21,2025-01-14,0,90.0,190.0,643.0,,,,,,,3,,,,,,0.0
24,Djed Spence,21,2025-01-14,0,90.0,179.0,554.0,67.0,67.0,25.0,DF,,,3,,,,,,0.0
28,Wilson Odobert,21,2025-01-14,1,0.0,0.0,0.0,83.0,83.0,20.0,"FW,MF",,,0,,,,,,0.0
29,Pape Matar Sarr,21,2025-01-14,0,61.0,61.0,365.0,,,23.0,MF,,,2,,,,,,0.0
30,Rodrigo Bentancur,21,2025-01-14,1,0.0,153.0,167.0,136.0,136.0,28.0,MF,,,1,,,,,,0.0
37,Micky van de Ven,21,2025-01-14,1,0.0,0.0,0.0,127.0,38.0,24.0,DF,,,0,,,,,,0.0
3,Radu Dragusin,22,2025-01-18,0,0.0,135.0,671.0,,,,,,,3,,,,,,0.0
4,Kevin Danso,22,2025-01-18,0,0.0,0.0,300.0,95.0,95.0,27.0,DF,,,1,,,,,,0.0
6,Jo√£o Palhinha,22,2025-01-18,1,0.0,0.0,0.0,,0.0,30.0,MF,,,0,,,,,,0.0
7,Xavi Simons,22,2025-01-18,0,0.0,0.0,219.0,17.0,17.0,22.0,"FW,MF",,,3,,,,,,0.0
8,Yves Bissouma,22,2025-01-18,1,0.0,92.0,531.0,120.0,120.0,,,,,3,,,,,,0.0
9,Richarlison,22,2025-01-18,0,0.0,0.0,13.0,91.0,4.0,28.0,FW,,,1,,,,,,0.0
10,James Maddison,22,2025-01-18,0,0.0,56.0,353.0,,,,,,,2,,,,,,0.0
11,,22,2025-01-18,0,0.0,0.0,54.0,,,,,,,1,,,,,,0.0
13,Destiny Udogie,22,2025-01-18,1,0.0,49.0,129.0,110.0,110.0,22.0,DF,,,0,,,,,,0.0
14,,22,2025-01-18,0,0.0,180.0,750.0,,,,,,,3,,,,,,0.0
15,Lucas Bergvall,22,2025-01-18,0,0.0,61.0,366.0,,,19.0,MF,,,3,,,,,,0.0
17,Cristian Romero,22,2025-01-18,1,0.0,0.0,0.0,71.0,43.0,27.0,DF,,,0,,,,,,0.0
19,Dominic Solanke,22,2025-01-18,1,0.0,180.0,682.0,131.0,47.0,,,,,3,,,,,,0.0
20,,22,2025-01-18,0,62.0,213.0,573.0,,,,,4.0,0.0,3,0.0,5.0,10.0,62.0,483.0,90.0
21,Dejan Kulusevski,22,2025-01-18,0,0.0,180.0,660.0,,,,,,,3,,,,,,0.0
22,Brennan Johnson,22,2025-01-18,1,0.0,153.0,518.0,,0.0,24.0,FW,,,3,,,,,,0.0
23,,22,2025-01-18,0,0.0,180.0,580.0,,,,,,,2,,,,,,0.0
24,Djed Spence,22,2025-01-18,0,0.0,90.0,568.0,71.0,71.0,25.0,DF,,,3,,,,,,0.0
28,Wilson Odobert,22,2025-01-18,1,0.0,0.0,0.0,87.0,87.0,20.0,"FW,MF",,,0,,,,,,0.0
29,Pape Matar Sarr,22,2025-01-18,0,0.0,61.0,320.0,,,23.0,MF,,,2,,,,,,0.0
30,Rodrigo Bentancur,22,2025-01-18,1,0.0,90.0,167.0,140.0,140.0,28.0,MF,,,1,,,,,,0.0
37,Micky van de Ven,22,2025-01-18,1,0.0,0.0,0.0,131.0,42.0,24.0,DF,,,0,,,,,,0.0
3,Radu Dragusin,23,2025-01-26,0,0.0,45.0,630.0,,,,,3.0,1.0,3,0.0,5.0,13.0,135.0,540.0,90.0
4,Kevin Danso,23,2025-01-26,0,0.0,0.0,180.0,103.0,103.0,27.0,DF,,,0,,,,,,0.0
6,Jo√£o Palhinha,23,2025-01-26,0,0.0,0.0,8.0,2.0,2.0,30.0,MF,,,1,,,,,,0.0
7,Xavi Simons,23,2025-01-26,0,0.0,0.0,369.0,25.0,25.0,22.0,"FW,MF",,,3,,,,,,0.0
8,Yves Bissouma,23,2025-01-26,0,0.0,29.0,347.0,128.0,1.0,,,,,0,,,,,,0.0
9,Richarlison,23,2025-01-26,1,0.0,0.0,166.0,99.0,12.0,28.0,FW,3.0,1.0,3,0.0,1.0,2.0,100.0,113.0,53.0
10,James Maddison,23,2025-01-26,1,0.0,29.0,369.0,,0.0,,,,,2,,,,,,0.0
11,,23,2025-01-26,0,0.0,0.0,45.0,,,,,,,0,,,,,,0.0
13,Destiny Udogie,23,2025-01-26,1,0.0,0.0,49.0,118.0,118.0,22.0,DF,,,0,,,,,,0.0
14,,23,2025-01-26,0,0.0,90.0,749.0,,,,,3.0,1.0,3,0.0,5.0,13.0,180.0,660.0,89.0
15,Lucas Bergvall,23,2025-01-26,0,0.0,61.0,564.0,,,19.0,MF,3.0,1.0,3,0.0,4.0,4.0,180.0,474.0,90.0
17,Cristian Romero,23,2025-01-26,1,0.0,0.0,0.0,79.0,51.0,27.0,DF,,,0,,,,,,0.0
19,Dominic Solanke,23,2025-01-26,1,0.0,90.0,413.0,139.0,55.0,,,,,0,,,,,,0.0
20,,23,2025-01-26,0,90.0,223.0,482.0,,,,,8.0,0.0,2,0.0,5.0,11.0,0.0,393.0,89.0
21,Dejan Kulusevski,23,2025-01-26,0,0.0,90.0,660.0,,,,,3.0,1.0,3,0.0,4.0,4.0,180.0,570.0,90.0
22,Brennan Johnson,23,2025-01-26,1,0.0,90.0,394.0,,0.0,24.0,FW,,,0,,,,,,0.0
23,,23,2025-01-26,0,0.0,90.0,570.0,,,,,3.0,1.0,2,0.0,5.0,6.0,90.0,480.0,90.0
24,Djed Spence,23,2025-01-26,1,0.0,90.0,390.0,79.0,79.0,25.0,DF,,,1,,,,,,0.0
28,Wilson Odobert,23,2025-01-26,1,0.0,0.0,0.0,95.0,95.0,20.0,"FW,MF",,,0,,,,,,0.0
29,Pape Matar Sarr,23,2025-01-26,1,0.0,61.0,298.0,,0.0,23.0,MF,7.0,0.0,2,0.0,5.0,8.0,72.0,245.0,53.0
30,Rodrigo Bentancur,23,2025-01-26,0,0.0,0.0,284.0,148.0,4.0,28.0,MF,3.0,1.0,2,0.0,5.0,10.0,90.0,194.0,90.0
37,Micky van de Ven,23,2025-01-26,1,0.0,0.0,0.0,139.0,50.0,24.0,DF,,,0,,,,,,0.0
3,Radu Dragusin,24,2025-02-02,1,90.0,90.0,560.0,,0.0,,,,,3,,,,,,0.0
4,Kevin Danso,24,2025-02-02,0,0.0,0.0,180.0,110.0,110.0,27.0,DF,,,0,,,,,,0.0
6,Jo√£o Palhinha,24,2025-02-02,0,0.0,0.0,41.0,9.0,9.0,30.0,MF,,,2,,,,,,0.0
7,Xavi Simons,24,2025-02-02,0,0.0,0.0,485.0,32.0,32.0,22.0,"FW,MF",,,3,,,,,,0.0
8,Yves Bissouma,24,2025-02-02,0,0.0,0.0,396.0,135.0,8.0,,,3.0,1.0,2,0.0,3.0,1.0,45.0,300.0,67.0
9,Richarlison,24,2025-02-02,0,53.0,53.0,324.0,106.0,4.0,28.0,FW,3.0,1.0,4,0.0,3.0,4.0,133.0,246.0,78.0
10,James Maddison,24,2025-02-02,1,0.0,0.0,342.0,,0.0,,,,,1,,,,,,0.0
11,,24,2025-02-02,0,0.0,0.0,106.0,,,,,,,1,,,,,,0.0
13,Destiny Udogie,24,2025-02-02,1,0.0,0.0,0.0,125.0,125.0,22.0,DF,,,0,,,,,,0.0
14,,24,2025-02-02,0,89.0,89.0,839.0,,,,,3.0,1.0,4,1.0,5.0,15.0,179.0,659.0,90.0
15,Lucas Bergvall,24,2025-02-02,0,90.0,90.0,699.0,,,19.0,MF,3.0,1.0,4,1.0,5.0,0.0,180.0,593.0,45.0
17,Cristian Romero,24,2025-02-02,1,0.0,0.0,0.0,86.0,58.0,27.0,DF,,,0,,,,,,0.0
19,Dominic Solanke,24,2025-02-02,1,0.0,0.0,323.0,146.0,62.0,,,,,0,,,,,,0.0
20,,24,2025-02-02,0,89.0,241.0,402.0,,,,,,,1,,,,,,0.0
21,Dejan Kulusevski,24,2025-02-02,0,90.0,90.0,705.0,,,,,3.0,1.0,4,0.0,4.0,1.0,135.0,525.0,90.0
22,Brennan Johnson,24,2025-02-02,1,0.0,0.0,331.0,,0.0,24.0,FW,,,0,,,,,,0.0
23,,24,2025-02-02,0,90.0,90.0,660.0,,,,,3.0,1.0,4,1.0,5.0,8.0,180.0,480.0,90.0
24,Djed Spence,24,2025-02-02,0,0.0,0.0,480.0,86.0,1.0,25.0,DF,14.0,0.0,1,0.0,4.0,3.0,0.0,300.0,90.0
28,Wilson Odobert,24,2025-02-02,1,0.0,0.0,0.0,102.0,102.0,20.0,"FW,MF",,,0,,,,,,0.0
29,Pape Matar Sarr,24,2025-02-02,0,53.0,53.0,321.0,7.0,7.0,23.0,MF,7.0,0.0,2,0.0,5.0,0.0,53.0,237.0,23.0
30,Rodrigo Bentancur,24,2025-02-02,0,90.0,90.0,329.0,155.0,11.0,28.0,MF,3.0,1.0,4,0.0,5.0,12.0,135.0,239.0,90.0
37,Micky van de Ven,24,2025-02-02,1,0.0,0.0,45.0,6.0,6.0,24.0,DF,,,1,,,,,,0.0
3,Radu Dragusin,25,2025-02-15,1,0.0,90.0,245.0,,0.0,,,,,0,,,,,,0.0
4,Kevin Danso,25,2025-02-15,0,0.0,0.0,180.0,123.0,123.0,27.0,DF,,,2,,,,,,0.0
6,Jo√£o Palhinha,25,2025-02-15,1,0.0,0.0,41.0,22.0,22.0,30.0,MF,,,0,,,,,,0.0
7,Xavi Simons,25,2025-02-15,0,0.0,0.0,536.0,45.0,45.0,22.0,"FW,MF",,,2,,,,,,0.0
8,Yves Bissouma,25,2025-02-15,0,67.0,67.0,213.0,148.0,21.0,,,,,2,,,,,,0.0
9,Richarlison,25,2025-02-15,1,78.0,131.0,355.0,119.0,17.0,28.0,FW,,,1,,,,,,0.0
10,James Maddison,25,2025-02-15,0,0.0,0.0,178.0,5.0,5.0,,,,,0,,,,,,0.0
11,,25,2025-02-15,0,0.0,0.0,197.0,,,,,,,2,,,,,,0.0
13,Destiny Udogie,25,2025-02-15,0,0.0,0.0,0.0,5.0,5.0,22.0,DF,,,0,,,,,,0.0
14,,25,2025-02-15,0,90.0,179.0,629.0,,,,,,,2,,,,,,0.0
15,Lucas Bergvall,25,2025-02-15,0,45.0,135.0,529.0,,,19.0,MF,,,2,,,,,,0.0
17,Cristian Romero,25,2025-02-15,1,0.0,0.0,0.0,99.0,71.0,27.0,DF,,,0,,,,,,0.0
19,Dominic Solanke,25,2025-02-15,1,0.0,0.0,0.0,159.0,75.0,,,,,0,,,,,,0.0
20,,25,2025-02-15,0,0.0,179.0,359.0,,,,,12.0,0.0,1,0.0,5.0,13.0,0.0,269.0,90.0
21,Dejan Kulusevski,25,2025-02-15,0,90.0,180.0,585.0,,,,,,,2,,,,,,0.0
22,Brennan Johnson,25,2025-02-15,0,0.0,0.0,0.0,2.0,2.0,24.0,FW,,,0,,,,,,0.0
23,,25,2025-02-15,0,90.0,180.0,484.0,,,,,,,2,,,,,,0.0
24,Djed Spence,25,2025-02-15,0,90.0,90.0,360.0,99.0,14.0,25.0,DF,,,2,,,,,,0.0
28,Wilson Odobert,25,2025-02-15,0,0.0,0.0,0.0,2.0,2.0,20.0,"FW,MF",,,0,,,,,,0.0
29,Pape Matar Sarr,25,2025-02-15,0,23.0,76.0,223.0,20.0,20.0,23.0,MF,,,2,,,,,,0.0
30,Rodrigo Bentancur,25,2025-02-15,0,90.0,180.0,476.0,168.0,24.0,28.0,MF,,,2,,,,,,0.0
37,Micky van de Ven,25,2025-02-15,1,0.0,0.0,45.0,19.0,19.0,24.0,DF,,,0,,,,,,0.0
3,Radu Dragusin,26,2025-02-22,1,0.0,90.0,200.0,,0.0,,,,,0,,,,,,0.0
4,Kevin Danso,26,2025-02-22,0,0.0,0.0,347.0,130.0,130.0,27.0,DF,6.0,0.0,2,0.0,5.0,20.0,77.0,257.0,90.0
6,Jo√£o Palhinha,26,2025-02-22,0,0.0,0.0,41.0,29.0,6.0,30.0,MF,,,0,,,,,,0.0
7,Xavi Simons,26,2025-02-22,0,0.0,0.0,386.0,52.0,52.0,22.0,"FW,MF",,,1,,,,,,0.0
8,Yves Bissouma,26,2025-02-22,0,0.0,67.0,232.0,155.0,28.0,,,6.0,0.0,2,0.0,2.0,0.0,13.0,226.0,6.0
9,Richarlison,26,2025-02-22,1,0.0,131.0,310.0,126.0,24.0,28.0,FW,,,0,,,,,,0.0
10,James Maddison,26,2025-02-22,0,0.0,0.0,178.0,12.0,12.0,,,6.0,0.0,2,0.0,3.0,0.0,63.0,63.0,27.0
11,,26,2025-02-22,0,0.0,0.0,360.0,,,,,6.0,0.0,2,0.0,3.0,3.0,90.0,287.0,73.0
13,Destiny Udogie,26,2025-02-22,0,0.0,0.0,64.0,12.0,12.0,22.0,DF,55.0,0.0,1,0.0,5.0,9.0,0.0,0.0,64.0
14,,26,2025-02-22,0,0.0,179.0,642.0,,,,,6.0,0.0,2,0.0,4.0,1.0,13.0,462.0,90.0
15,Lucas Bergvall,26,2025-02-22,0,0.0,135.0,586.0,,,19.0,MF,6.0,0.0,2,0.0,3.0,3.0,63.0,412.0,84.0
17,Cristian Romero,26,2025-02-22,1,0.0,0.0,0.0,106.0,78.0,27.0,DF,,,0,,,,,,0.0
19,Dominic Solanke,26,2025-02-22,1,0.0,0.0,0.0,166.0,82.0,,,,,0,,,,,,0.0
20,,26,2025-02-22,0,90.0,179.0,359.0,,,,,7.0,0.0,2,0.0,5.0,14.0,90.0,269.0,90.0
21,Dejan Kulusevski,26,2025-02-22,0,0.0,180.0,675.0,,,,,6.0,0.0,2,0.0,4.0,5.0,90.0,495.0,90.0
22,Brennan Johnson,26,2025-02-22,0,0.0,0.0,90.0,9.0,9.0,24.0,FW,6.0,0.0,2,0.0,2.0,1.0,27.0,27.0,63.0
23,,26,2025-02-22,0,0.0,180.0,600.0,,,,,6.0,0.0,2,0.0,4.0,0.0,90.0,484.0,26.0
24,Djed Spence,26,2025-02-22,0,0.0,90.0,450.0,106.0,21.0,25.0,DF,6.0,0.0,2,0.0,5.0,7.0,90.0,360.0,90.0
28,Wilson Odobert,26,2025-02-22,0,0.0,0.0,21.0,9.0,9.0,20.0,"FW,MF",6.0,0.0,2,0.0,2.0,0.0,4.0,4.0,17.0
29,Pape Matar Sarr,26,2025-02-22,0,0.0,76.0,151.0,27.0,27.0,23.0,MF,,,0,,,,,,0.0
30,Rodrigo Bentancur,26,2025-02-22,0,0.0,180.0,643.0,175.0,31.0,28.0,MF,6.0,0.0,2,0.0,5.0,16.0,77.0,463.0,90.0
37,Micky van de Ven,26,2025-02-22,1,0.0,0.0,45.0,26.0,26.0,24.0,DF,,,0,,,,,,0.0
3,Radu Dragusin,27,2025-02-26,1,0.0,0.0,20.0,,0.0,,,,,0,,,,,,0.0
4,Kevin Danso,27,2025-02-26,0,90.0,90.0,437.0,134.0,134.0,27.0,DF,4.0,0.0,3,0.0,5.0,21.0,90.0,347.0,90.0
6,Jo√£o Palhinha,27,2025-02-26,0,0.0,0.0,33.0,33.0,10.0,30.0,MF,,,0,,,,,,0.0
7,Xavi Simons,27,2025-02-26,0,0.0,0.0,475.0,56.0,56.0,22.0,"FW,MF",,,2,,,,,,0.0
8,Yves Bissouma,27,2025-02-26,0,6.0,73.0,232.0,159.0,32.0,,,,,2,,,,,,0.0
9,Richarlison,27,2025-02-26,1,0.0,78.0,202.0,130.0,28.0,28.0,FW,,,0,,,,,,0.0
10,James Maddison,27,2025-02-26,0,27.0,27.0,171.0,16.0,16.0,,,4.0,0.0,3,0.0,3.0,0.0,27.0,90.0,81.0
11,,27,2025-02-26,0,73.0,73.0,426.0,,,,,4.0,0.0,3,0.0,4.0,4.0,73.0,360.0,66.0
13,Destiny Udogie,27,2025-02-26,0,64.0,64.0,130.0,16.0,16.0,22.0,DF,4.0,0.0,2,0.0,5.0,10.0,64.0,64.0,66.0
14,,27,2025-02-26,0,90.0,180.0,553.0,,,,,4.0,0.0,3,0.0,4.0,2.0,90.0,463.0,90.0
15,Lucas Bergvall,27,2025-02-26,0,84.0,129.0,496.0,,,19.0,MF,4.0,0.0,3,0.0,3.0,4.0,84.0,406.0,90.0
17,Cristian Romero,27,2025-02-26,1,0.0,0.0,0.0,110.0,82.0,27.0,DF,,,0,,,,,,0.0
19,Dominic Solanke,27,2025-02-26,1,0.0,0.0,0.0,170.0,86.0,,,,,0,,,,,,0.0
20,,27,2025-02-26,0,90.0,180.0,270.0,,,,,,,1,,,,,,0.0
21,Dejan Kulusevski,27,2025-02-26,0,90.0,180.0,519.0,,,,,4.0,0.0,3,0.0,5.0,0.0,90.0,495.0,24.0
22,Brennan Johnson,27,2025-02-26,0,63.0,63.0,180.0,13.0,13.0,24.0,FW,4.0,0.0,3,0.0,2.0,2.0,63.0,90.0,90.0
23,,27,2025-02-26,0,26.0,116.0,510.0,,,,,4.0,0.0,3,0.0,3.0,1.0,26.0,420.0,90.0
24,Djed Spence,27,2025-02-26,0,90.0,180.0,474.0,110.0,25.0,25.0,DF,4.0,0.0,3,0.0,5.0,0.0,90.0,450.0,24.0
28,Wilson Odobert,27,2025-02-26,0,17.0,17.0,87.0,13.0,13.0,20.0,"FW,MF",4.0,0.0,3,0.0,1.0,1.0,17.0,21.0,66.0
29,Pape Matar Sarr,27,2025-02-26,0,0.0,23.0,122.0,31.0,31.0,23.0,MF,17.0,0.0,1,0.0,3.0,0.0,0.0,98.0,24.0
30,Rodrigo Bentancur,27,2025-02-26,0,90.0,180.0,529.0,179.0,35.0,28.0,MF,4.0,0.0,3,0.0,5.0,17.0,90.0,463.0,66.0
37,Micky van de Ven,27,2025-02-26,1,0.0,0.0,45.0,30.0,30.0,24.0,DF,,,0,,,,,,0.0
3,Radu Dragusin,28,2025-03-09,1,0.0,0.0,0.0,,0.0,,,,,0,,,,,,0.0
4,Kevin Danso,28,2025-03-09,0,90.0,180.0,527.0,145.0,145.0,27.0,DF,3.0,1.0,2,0.0,5.0,23.0,90.0,437.0,90.0
6,Jo√£o Palhinha,28,2025-03-09,0,0.0,0.0,133.0,44.0,21.0,30.0,MF,,,3,,,,,,0.0
7,Xavi Simons,28,2025-03-09,0,0.0,0.0,536.0,67.0,67.0,22.0,"FW,MF",,,2,,,,,,0.0
8,Yves Bissouma,28,2025-03-09,0,0.0,6.0,109.0,170.0,43.0,,,15.0,0.0,1,0.0,2.0,1.0,0.0,64.0,45.0
9,Richarlison,28,2025-03-09,1,0.0,0.0,0.0,141.0,39.0,28.0,FW,,,0,,,,,,0.0
10,James Maddison,28,2025-03-09,0,81.0,108.0,272.0,27.0,27.0,,,3.0,1.0,2,0.0,3.0,0.0,71.0,242.0,30.0
11,,28,2025-03-09,0,66.0,139.0,364.0,,,,,,,1,,,,,,0.0
13,Destiny Udogie,28,2025-03-09,0,66.0,130.0,205.0,27.0,27.0,22.0,DF,3.0,1.0,2,0.0,5.0,0.0,71.0,201.0,4.0
14,,28,2025-03-09,0,90.0,180.0,373.0,,,,,,,1,,,,,,0.0
15,Lucas Bergvall,28,2025-03-09,0,90.0,174.0,462.0,,,19.0,MF,3.0,1.0,2,0.0,5.0,0.0,90.0,417.0,45.0
17,Cristian Romero,28,2025-03-09,0,0.0,0.0,60.0,121.0,6.0,27.0,DF,91.0,0.0,1,0.0,4.0,0.0,0.0,0.0,60.0
19,Dominic Solanke,28,2025-03-09,0,0.0,0.0,108.0,181.0,7.0,,,3.0,1.0,2,0.0,3.0,1.0,18.0,18.0,90.0
20,,28,2025-03-09,0,0.0,180.0,252.0,,,,,,,1,,,,,,0.0
21,Dejan Kulusevski,28,2025-03-09,1,24.0,114.0,294.0,,0.0,,,,,0,,,,,,0.0
22,Brennan Johnson,28,2025-03-09,0,90.0,153.0,315.0,24.0,24.0,24.0,FW,3.0,1.0,2,0.0,3.0,4.0,90.0,270.0,45.0
23,,28,2025-03-09,0,90.0,116.0,401.0,,,,,3.0,1.0,2,0.0,3.0,1.0,19.0,315.0,86.0
24,Djed Spence,28,2025-03-09,0,24.0,114.0,474.0,121.0,36.0,25.0,DF,3.0,1.0,2,0.0,4.0,2.0,90.0,384.0,90.0
28,Wilson Odobert,28,2025-03-09,0,66.0,83.0,222.0,24.0,24.0,20.0,"FW,MF",3.0,1.0,2,0.0,1.0,1.0,45.0,132.0,90.0
29,Pape Matar Sarr,28,2025-03-09,0,24.0,24.0,152.0,42.0,42.0,23.0,MF,3.0,1.0,2,0.0,1.0,1.0,19.0,62.0,90.0
30,Rodrigo Bentancur,28,2025-03-09,0,66.0,156.0,454.0,190.0,46.0,28.0,MF,3.0,1.0,2,0.0,5.0,19.0,90.0,394.0,60.0
37,Micky van de Ven,28,2025-03-09,0,0.0,0.0,30.0,41.0,4.0,24.0,DF,38.0,0.0,1,0.0,5.0,0.0,0.0,0.0,30.0
3,Radu Dragusin,29,2025-03-15,1,0.0,0.0,0.0,,0.0,,,,,0,,,,,,0.0
4,Kevin Danso,29,2025-03-15,1,90.0,270.0,437.0,151.0,151.0,27.0,DF,,,2,,,,,,0.0
6,Jo√£o Palhinha,29,2025-03-15,0,0.0,0.0,140.0,50.0,27.0,30.0,MF,,,3,,,,,,0.0
7,Xavi Simons,29,2025-03-15,0,0.0,0.0,526.0,73.0,73.0,22.0,"FW,MF",,,2,,,,,,0.0
8,Yves Bissouma,29,2025-03-15,0,45.0,51.0,78.0,176.0,49.0,,,,,2,,,,,,0.0
9,Richarlison,29,2025-03-15,1,0.0,0.0,0.0,147.0,45.0,28.0,FW,,,0,,,,,,0.0
10,James Maddison,29,2025-03-15,0,30.0,138.0,348.0,33.0,33.0,,,,,3,,,,,,0.0
11,,29,2025-03-15,0,0.0,139.0,274.0,,,,,,,1,,,,,,0.0
13,Destiny Udogie,29,2025-03-15,0,4.0,134.0,205.0,33.0,33.0,22.0,DF,,,2,,,,,,0.0
14,,29,2025-03-15,0,0.0,180.0,313.0,,,,,,,2,,,,,,0.0
15,Lucas Bergvall,29,2025-03-15,0,45.0,219.0,455.0,,,19.0,MF,,,3,,,,,,0.0
17,Cristian Romero,29,2025-03-15,0,60.0,60.0,150.0,127.0,12.0,27.0,DF,,,2,,,,,,0.0
19,Dominic Solanke,29,2025-03-15,0,90.0,90.0,198.0,187.0,13.0,,,,,3,,,,,,0.0
20,,29,2025-03-15,0,0.0,90.0,431.0,,,,,5.0,0.0,2,0.0,5.0,17.0,90.0,342.0,89.0
21,Dejan Kulusevski,29,2025-03-15,1,0.0,114.0,204.0,,0.0,,,,,0,,,,,,0.0
22,Brennan Johnson,29,2025-03-15,0,45.0,198.0,329.0,30.0,30.0,24.0,FW,,,3,,,,,,0.0
23,,29,2025-03-15,0,86.0,202.0,401.0,,,,,,,3,,,,,,0.0
24,Djed Spence,29,2025-03-15,0,90.0,204.0,474.0,127.0,42.0,25.0,DF,,,3,,,,,,0.0
28,Wilson Odobert,29,2025-03-15,0,90.0,173.0,298.0,30.0,30.0,20.0,"FW,MF",,,3,,,,,,0.0
29,Pape Matar Sarr,29,2025-03-15,0,90.0,114.0,223.0,48.0,48.0,23.0,MF,,,3,,,,,,0.0
30,Rodrigo Bentancur,29,2025-03-15,0,60.0,216.0,383.0,196.0,52.0,28.0,MF,,,2,,,,,,0.0
37,Micky van de Ven,29,2025-03-15,0,30.0,30.0,90.0,47.0,10.0,24.0,DF,,,2,,,,,,0.0
3,Radu Dragusin,30,2025-04-03,1,0.0,0.0,0.0,,0.0,,,,,0,,,,,,0.0
4,Kevin Danso,30,2025-04-03,1,0.0,180.0,180.0,170.0,170.0,27.0,DF,,,0,,,,,,0.0
6,Jo√£o Palhinha,30,2025-04-03,0,0.0,0.0,95.0,69.0,46.0,30.0,MF,,,1,,,,,,0.0
7,Xavi Simons,30,2025-04-03,0,0.0,0.0,405.0,92.0,92.0,22.0,"FW,MF",,,2,,,,,,0.0
8,Yves Bissouma,30,2025-04-03,0,0.0,45.0,273.0,195.0,68.0,,,,,1,,,,,,0.0
9,Richarlison,30,2025-04-03,1,0.0,0.0,0.0,166.0,64.0,28.0,FW,,,0,,,,,,0.0
10,James Maddison,30,2025-04-03,0,0.0,111.0,287.0,52.0,52.0,,,18.0,0.0,1,0.0,2.0,1.0,0.0,200.0,87.0
11,,30,2025-04-03,0,0.0,66.0,124.0,,,,,18.0,0.0,1,0.0,5.0,0.0,0.0,121.0,3.0
13,Destiny Udogie,30,2025-04-03,0,0.0,70.0,435.0,52.0,52.0,22.0,DF,11.0,0.0,1,0.0,4.0,4.0,0.0,345.0,90.0
14,,30,2025-04-03,0,0.0,90.0,210.0,,,,,,,0,,,,,,0.0
15,Lucas Bergvall,30,2025-04-03,0,0.0,135.0,326.0,,,19.0,MF,18.0,0.0,1,0.0,3.0,1.0,0.0,263.0,63.0
17,Cristian Romero,30,2025-04-03,0,0.0,60.0,487.0,146.0,31.0,27.0,DF,9.0,0.0,2,0.0,3.0,3.0,0.0,397.0,90.0
19,Dominic Solanke,30,2025-04-03,0,0.0,90.0,378.0,206.0,32.0,,,18.0,0.0,1,0.0,4.0,4.0,0.0,288.0,90.0
20,,30,2025-04-03,0,89.0,89.0,349.0,,,,,,,1,,,,,,0.0
21,Dejan Kulusevski,30,2025-04-03,1,0.0,24.0,0.0,,0.0,,,,,0,,,,,,0.0
22,Brennan Johnson,30,2025-04-03,0,0.0,135.0,367.0,49.0,49.0,24.0,FW,9.0,0.0,2,0.0,4.0,0.0,0.0,340.0,27.0
23,,30,2025-04-03,0,0.0,176.0,314.0,,,,,11.0,0.0,1,0.0,3.0,0.0,0.0,311.0,3.0
24,Djed Spence,30,2025-04-03,0,0.0,114.0,450.0,146.0,61.0,25.0,DF,18.0,0.0,1,0.0,4.0,5.0,0.0,360.0,90.0
28,Wilson Odobert,30,2025-04-03,0,0.0,156.0,288.0,49.0,49.0,20.0,"FW,MF",18.0,0.0,1,0.0,3.0,1.0,0.0,225.0,63.0
29,Pape Matar Sarr,30,2025-04-03,0,0.0,114.0,361.0,67.0,67.0,23.0,MF,9.0,0.0,2,0.0,3.0,0.0,0.0,334.0,27.0
30,Rodrigo Bentancur,30,2025-04-03,0,0.0,126.0,505.0,215.0,71.0,28.0,MF,9.0,0.0,2,0.0,5.0,23.0,0.0,415.0,90.0
37,Micky van de Ven,30,2025-04-03,0,0.0,30.0,177.0,66.0,29.0,24.0,DF,21.0,0.0,1,0.0,4.0,2.0,0.0,90.0,87.0
3,Radu Dragusin,31,2025-04-05,1,0.0,0.0,0.0,,0.0,,,,,0,,,,,,0.0
4,Kevin Danso,31,2025-04-05,1,0.0,90.0,180.0,172.0,172.0,27.0,DF,,,0,,,,,,0.0
6,Jo√£o Palhinha,31,2025-04-05,0,0.0,0.0,183.0,71.0,48.0,30.0,MF,,,2,,,,,,0.0
7,Xavi Simons,31,2025-04-05,0,0.0,0.0,495.0,94.0,94.0,22.0,"FW,MF",,,3,,,,,,0.0
8,Yves Bissouma,31,2025-04-05,0,0.0,45.0,273.0,197.0,70.0,,,,,0,,,,,,0.0
9,Richarlison,31,2025-04-05,0,0.0,0.0,0.0,168.0,2.0,28.0,FW,,,0,,,,,,0.0
10,James Maddison,31,2025-04-05,0,87.0,117.0,287.0,54.0,54.0,,,,,1,,,,,,0.0
11,,31,2025-04-05,0,3.0,3.0,124.0,,,,,,,1,,,,,,0.0
13,Destiny Udogie,31,2025-04-05,0,90.0,94.0,435.0,54.0,54.0,22.0,DF,,,1,,,,,,0.0
14,,31,2025-04-05,0,0.0,0.0,210.0,,,,,,,0,,,,,,0.0
15,Lucas Bergvall,31,2025-04-05,0,63.0,108.0,326.0,,,19.0,MF,,,1,,,,,,0.0
17,Cristian Romero,31,2025-04-05,0,90.0,150.0,487.0,148.0,33.0,27.0,DF,,,1,,,,,,0.0
19,Dominic Solanke,31,2025-04-05,0,90.0,180.0,378.0,208.0,34.0,,,,,1,,,,,,0.0
20,,31,2025-04-05,0,0.0,89.0,432.0,,,,,12.0,0.0,1,0.0,5.0,20.0,0.0,349.0,83.0
21,Dejan Kulusevski,31,2025-04-05,1,0.0,0.0,0.0,,0.0,,,,,0,,,,,,0.0
22,Brennan Johnson,31,2025-04-05,0,27.0,72.0,367.0,51.0,51.0,24.0,FW,,,1,,,,,,0.0
23,,31,2025-04-05,0,3.0,89.0,314.0,,,,,,,1,,,,,,0.0
24,Djed Spence,31,2025-04-05,0,90.0,180.0,450.0,148.0,63.0,25.0,DF,,,1,,,,,,0.0
28,Wilson Odobert,31,2025-04-05,0,63.0,153.0,288.0,51.0,51.0,20.0,"FW,MF",,,1,,,,,,0.0
29,Pape Matar Sarr,31,2025-04-05,0,27.0,117.0,361.0,69.0,69.0,23.0,MF,,,1,,,,,,0.0
30,Rodrigo Bentancur,31,2025-04-05,0,90.0,150.0,505.0,217.0,73.0,28.0,MF,,,1,,,,,,0.0
37,Micky van de Ven,31,2025-04-05,0,87.0,117.0,177.0,68.0,31.0,24.0,DF,,,1,,,,,,0.0
3,Radu Dragusin,32,2025-04-13,1,0.0,0.0,0.0,,0.0,,,,,0,,,,,,0.0
4,Kevin Danso,32,2025-04-13,1,0.0,0.0,0.0,180.0,180.0,27.0,DF,,,0,,,,,,0.0
6,Jo√£o Palhinha,32,2025-04-13,0,0.0,0.0,135.0,79.0,56.0,30.0,MF,,,1,,,,,,0.0
7,Xavi Simons,32,2025-04-13,0,0.0,0.0,492.0,102.0,102.0,22.0,"FW,MF",,,2,,,,,,0.0
8,Yves Bissouma,32,2025-04-13,0,0.0,0.0,279.0,205.0,78.0,,,7.0,0.0,2,0.0,1.0,1.0,11.0,225.0,54.0
9,Richarlison,32,2025-04-13,0,0.0,0.0,19.0,176.0,10.0,28.0,FW,3.0,1.0,2,0.0,4.0,0.0,3.0,3.0,16.0
10,James Maddison,32,2025-04-13,0,0.0,87.0,341.0,62.0,62.0,,,3.0,1.0,4,0.0,4.0,4.0,157.0,267.0,74.0
11,,32,2025-04-13,0,0.0,3.0,185.0,,,,,3.0,1.0,4,0.0,2.0,1.0,16.0,95.0,90.0
13,Destiny Udogie,32,2025-04-13,0,0.0,90.0,438.0,62.0,62.0,22.0,DF,,,2,,,,,,0.0
14,,32,2025-04-13,0,0.0,0.0,191.0,,,,,7.0,0.0,2,0.0,3.0,1.0,11.0,101.0,90.0
15,Lucas Bergvall,32,2025-04-13,0,0.0,63.0,313.0,,,19.0,MF,3.0,1.0,4,0.0,4.0,0.0,169.0,277.0,36.0
17,Cristian Romero,32,2025-04-13,0,0.0,90.0,607.0,156.0,41.0,27.0,DF,3.0,1.0,4,1.0,5.0,0.0,180.0,517.0,90.0
19,Dominic Solanke,32,2025-04-13,0,0.0,90.0,427.0,216.0,42.0,,,3.0,1.0,4,1.0,5.0,7.0,173.0,353.0,74.0
20,,32,2025-04-13,0,83.0,172.0,432.0,,,,,8.0,0.0,2,0.0,5.0,21.0,0.0,253.0,90.0
21,Dejan Kulusevski,32,2025-04-13,0,0.0,0.0,16.0,3.0,3.0,,,46.0,0.0,1,0.0,4.0,0.0,0.0,0.0,16.0
22,Brennan Johnson,32,2025-04-13,0,0.0,27.0,488.0,59.0,59.0,24.0,FW,3.0,1.0,4,0.0,4.0,3.0,180.0,398.0,90.0
23,,32,2025-04-13,0,0.0,3.0,299.0,,,,,,,3,,,,,,0.0
24,Djed Spence,32,2025-04-13,0,0.0,90.0,372.0,156.0,71.0,25.0,DF,3.0,1.0,4,0.0,4.0,1.0,102.0,282.0,90.0
28,Wilson Odobert,32,2025-04-13,0,0.0,63.0,111.0,59.0,59.0,20.0,"FW,MF",,,2,,,,,,0.0
29,Pape Matar Sarr,32,2025-04-13,0,0.0,27.0,262.0,77.0,77.0,23.0,MF,3.0,1.0,4,0.0,1.0,1.0,46.0,208.0,54.0
30,Rodrigo Bentancur,32,2025-04-13,0,0.0,90.0,537.0,225.0,81.0,28.0,MF,3.0,1.0,4,0.0,5.0,0.0,146.0,501.0,36.0
37,Micky van de Ven,32,2025-04-13,0,0.0,87.0,177.0,76.0,39.0,24.0,DF,,,2,,,,,,0.0
3,Radu Dragusin,33,2025-04-19,1,0.0,0.0,0.0,,0.0,,,,,0,,,,,,0.0
4,Kevin Danso,33,2025-04-19,0,0.0,0.0,6.0,186.0,5.0,27.0,DF,,,1,,,,,,0.0
6,Jo√£o Palhinha,33,2025-04-19,0,0.0,0.0,141.0,85.0,62.0,30.0,MF,,,1,,,,,,0.0
7,Xavi Simons,33,2025-04-19,0,0.0,0.0,412.0,108.0,108.0,22.0,"FW,MF",,,1,,,,,,0.0
8,Yves Bissouma,33,2025-04-19,0,54.0,54.0,234.0,211.0,84.0,,,,,1,,,,,,0.0
9,Richarlison,33,2025-04-19,0,16.0,16.0,19.0,182.0,16.0,28.0,FW,,,2,,,,,,0.0
10,James Maddison,33,2025-04-19,0,74.0,161.0,362.0,68.0,68.0,,,,,3,,,,,,0.0
11,,33,2025-04-19,0,90.0,93.0,187.0,,,,,,,3,,,,,,0.0
13,Destiny Udogie,33,2025-04-19,0,0.0,90.0,438.0,68.0,68.0,22.0,DF,,,2,,,,,,0.0
14,,33,2025-04-19,0,90.0,90.0,101.0,,,,,,,1,,,,,,0.0
15,Lucas Bergvall,33,2025-04-19,0,36.0,99.0,358.0,,,19.0,MF,,,3,,,,,,0.0
17,Cristian Romero,33,2025-04-19,0,90.0,180.0,630.0,162.0,47.0,27.0,DF,,,3,,,,,,0.0
19,Dominic Solanke,33,2025-04-19,0,74.0,164.0,427.0,222.0,48.0,,,,,3,,,,,,0.0
20,,33,2025-04-19,0,90.0,173.0,417.0,,,,,6.0,0.0,2,0.0,5.0,22.0,90.0,253.0,74.0
21,Dejan Kulusevski,33,2025-04-19,0,16.0,16.0,62.0,9.0,9.0,,,,,2,,,,,,0.0
22,Brennan Johnson,33,2025-04-19,0,90.0,117.0,527.0,65.0,65.0,24.0,FW,,,3,,,,,,0.0
23,,33,2025-04-19,0,0.0,3.0,389.0,,,,,,,2,,,,,,0.0
24,Djed Spence,33,2025-04-19,0,90.0,180.0,282.0,162.0,77.0,25.0,DF,,,2,,,,,,0.0
28,Wilson Odobert,33,2025-04-19,0,0.0,63.0,97.0,65.0,65.0,20.0,"FW,MF",,,0,,,,,,0.0
29,Pape Matar Sarr,33,2025-04-19,0,54.0,81.0,274.0,83.0,83.0,23.0,MF,,,3,,,,,,0.0
30,Rodrigo Bentancur,33,2025-04-19,0,36.0,126.0,542.0,231.0,87.0,28.0,MF,,,3,,,,,,0.0
37,Micky van de Ven,33,2025-04-19,0,0.0,87.0,267.0,82.0,45.0,24.0,DF,,,2,,,,,,0.0
3,Radu Dragusin,34,2025-04-26,1,0.0,0.0,0.0,,0.0,,,,,0,,,,,,0.0
4,Kevin Danso,34,2025-04-26,0,0.0,0.0,51.0,193.0,12.0,27.0,DF,,,2,,,,,,0.0
6,Jo√£o Palhinha,34,2025-04-26,0,0.0,0.0,141.0,92.0,69.0,30.0,MF,,,1,,,,,,0.0
7,Xavi Simons,34,2025-04-26,0,0.0,0.0,429.0,115.0,115.0,22.0,"FW,MF",,,1,,,,,,0.0
8,Yves Bissouma,34,2025-04-26,0,0.0,54.0,65.0,218.0,91.0,,,,,0,,,,,,0.0
9,Richarlison,34,2025-04-26,0,0.0,16.0,109.0,189.0,23.0,28.0,FW,,,1,,,,,,0.0
10,James Maddison,34,2025-04-26,0,0.0,74.0,362.0,75.0,75.0,,,,,1,,,,,,0.0
11,,34,2025-04-26,0,0.0,90.0,277.0,,,,,,,2,,,,,,0.0
13,Destiny Udogie,34,2025-04-26,0,0.0,0.0,258.0,75.0,75.0,22.0,DF,,,1,,,,,,0.0
14,,34,2025-04-26,0,0.0,90.0,101.0,,,,,,,0,,,,,,0.0
15,Lucas Bergvall,34,2025-04-26,0,0.0,36.0,368.0,,,19.0,MF,,,2,,,,,,0.0
17,Cristian Romero,34,2025-04-26,0,0.0,90.0,495.0,169.0,54.0,27.0,DF,,,2,,,,,,0.0
19,Dominic Solanke,34,2025-04-26,0,0.0,74.0,451.0,229.0,55.0,,,,,2,,,,,,0.0
20,,34,2025-04-26,0,74.0,247.0,337.0,,,,,7.0,0.0,2,0.0,5.0,23.0,74.0,247.0,90.0
21,Dejan Kulusevski,34,2025-04-26,0,0.0,16.0,128.0,16.0,16.0,,,,,2,,,,,,0.0
22,Brennan Johnson,34,2025-04-26,0,0.0,90.0,405.0,72.0,72.0,24.0,FW,,,2,,,,,,0.0
23,,34,2025-04-26,0,0.0,0.0,363.0,,,,,,,2,,,,,,0.0
24,Djed Spence,34,2025-04-26,0,0.0,90.0,372.0,169.0,84.0,25.0,DF,,,1,,,,,,0.0
28,Wilson Odobert,34,2025-04-26,0,0.0,0.0,163.0,72.0,72.0,20.0,"FW,MF",,,1,,,,,,0.0
29,Pape Matar Sarr,34,2025-04-26,0,0.0,54.0,219.0,90.0,90.0,23.0,MF,,,2,,,,,,0.0
30,Rodrigo Bentancur,34,2025-04-26,0,0.0,36.0,452.0,238.0,94.0,28.0,MF,,,2,,,,,,0.0
37,Micky van de Ven,34,2025-04-26,0,0.0,0.0,312.0,89.0,52.0,24.0,DF,,,2,,,,,,0.0
3,Radu Dragusin,35,2025-05-04,1,0.0,0.0,0.0,,0.0,,,,,0,,,,,,0.0
4,Kevin Danso,35,2025-05-04,0,0.0,0.0,231.0,201.0,20.0,27.0,DF,7.0,0.0,2,0.0,3.0,2.0,90.0,141.0,90.0
6,Jo√£o Palhinha,35,2025-05-04,0,0.0,0.0,99.0,100.0,77.0,30.0,MF,,,1,,,,,,0.0
7,Xavi Simons,35,2025-05-04,0,0.0,0.0,339.0,123.0,123.0,22.0,"FW,MF",,,2,,,,,,0.0
8,Yves Bissouma,35,2025-05-04,0,0.0,54.0,245.0,226.0,99.0,,,3.0,1.0,2,0.0,2.0,3.0,90.0,155.0,90.0
9,Richarlison,35,2025-05-04,0,0.0,16.0,244.0,197.0,31.0,28.0,FW,3.0,1.0,3,0.0,2.0,2.0,68.0,177.0,67.0
10,James Maddison,35,2025-05-04,1,0.0,74.0,384.0,83.0,83.0,,,,,2,,,,,,0.0
11,,35,2025-05-04,0,0.0,90.0,476.0,,,,,3.0,1.0,3,0.0,4.0,1.0,112.0,386.0,90.0
13,Destiny Udogie,35,2025-05-04,0,0.0,0.0,348.0,83.0,83.0,22.0,DF,,,2,,,,,,0.0
14,,35,2025-05-04,0,0.0,90.0,236.0,,,,,7.0,0.0,2,0.0,3.0,3.0,45.0,146.0,90.0
15,Lucas Bergvall,35,2025-05-04,1,0.0,36.0,395.0,,0.0,19.0,MF,,,1,,,,,,0.0
17,Cristian Romero,35,2025-05-04,0,0.0,90.0,495.0,177.0,62.0,27.0,DF,,,1,,,,,,0.0
19,Dominic Solanke,35,2025-05-04,1,0.0,74.0,502.0,237.0,63.0,,,,,2,,,,,,0.0
20,,35,2025-05-04,0,90.0,254.0,427.0,,,,,8.0,0.0,2,0.0,5.0,24.0,0.0,254.0,90.0
21,Dejan Kulusevski,35,2025-05-04,0,0.0,16.0,289.0,24.0,24.0,,,3.0,1.0,3,0.0,1.0,1.0,71.0,199.0,90.0
22,Brennan Johnson,35,2025-05-04,0,0.0,90.0,558.0,80.0,80.0,24.0,FW,,,2,,,,,,0.0
23,,35,2025-05-04,0,0.0,0.0,450.0,,,,,,,1,,,,,,0.0
24,Djed Spence,35,2025-05-04,0,0.0,90.0,462.0,177.0,92.0,25.0,DF,7.0,0.0,2,0.0,4.0,4.0,90.0,372.0,90.0
28,Wilson Odobert,35,2025-05-04,0,0.0,0.0,229.0,80.0,80.0,20.0,"FW,MF",3.0,1.0,3,0.0,2.0,1.0,39.0,139.0,90.0
29,Pape Matar Sarr,35,2025-05-04,0,0.0,54.0,327.0,98.0,98.0,23.0,MF,7.0,0.0,2,0.0,2.0,1.0,45.0,237.0,90.0
30,Rodrigo Bentancur,35,2025-05-04,0,0.0,36.0,452.0,246.0,102.0,28.0,MF,,,1,,,,,,0.0
37,Micky van de Ven,35,2025-05-04,0,0.0,0.0,315.0,97.0,60.0,24.0,DF,,,1,,,,,,0.0
3,Radu Dragusin,36,2025-05-11,1,0.0,0.0,0.0,,0.0,,,,,0,,,,,,0.0
4,Kevin Danso,36,2025-05-11,0,90.0,90.0,321.0,208.0,27.0,27.0,DF,7.0,0.0,2,0.0,3.0,3.0,90.0,231.0,90.0
6,Jo√£o Palhinha,36,2025-05-11,0,0.0,0.0,17.0,107.0,84.0,30.0,MF,,,2,,,,,,0.0
7,Xavi Simons,36,2025-05-11,0,0.0,0.0,339.0,130.0,130.0,22.0,"FW,MF",,,2,,,,,,0.0
8,Yves Bissouma,36,2025-05-11,0,90.0,90.0,369.0,233.0,106.0,,,3.0,1.0,4,1.0,4.0,0.0,180.0,324.0,45.0
9,Richarlison,36,2025-05-11,0,67.0,67.0,301.0,204.0,38.0,28.0,FW,,,3,,,,,,0.0
10,James Maddison,36,2025-05-11,1,0.0,0.0,227.0,90.0,90.0,,,,,1,,,,,,0.0
11,,36,2025-05-11,0,90.0,90.0,580.0,,,,,3.0,1.0,4,0.0,3.0,1.0,120.0,490.0,90.0
13,Destiny Udogie,36,2025-05-11,0,0.0,0.0,360.0,90.0,90.0,22.0,DF,,,2,,,,,,0.0
14,,36,2025-05-11,0,90.0,90.0,315.0,,,,,7.0,0.0,2,0.0,4.0,4.0,90.0,225.0,90.0
15,Lucas Bergvall,36,2025-05-11,1,0.0,0.0,226.0,,0.0,19.0,MF,,,0,,,,,,0.0
17,Cristian Romero,36,2025-05-11,0,0.0,0.0,405.0,184.0,69.0,27.0,DF,,,2,,,,,,0.0
19,Dominic Solanke,36,2025-05-11,0,0.0,0.0,419.0,244.0,6.0,,,,,2,,,,,,0.0
20,,36,2025-05-11,0,90.0,254.0,416.0,,,,,7.0,0.0,2,0.0,5.0,25.0,90.0,344.0,72.0
21,Dejan Kulusevski,36,2025-05-11,0,90.0,90.0,397.0,31.0,31.0,,,3.0,1.0,4,0.0,3.0,3.0,180.0,379.0,18.0
22,Brennan Johnson,36,2025-05-11,0,0.0,0.0,445.0,87.0,87.0,24.0,FW,,,2,,,,,,0.0
23,,36,2025-05-11,0,0.0,0.0,417.0,,,,,3.0,1.0,3,0.0,5.0,7.0,90.0,360.0,57.0
24,Djed Spence,36,2025-05-11,0,90.0,90.0,450.0,184.0,99.0,25.0,DF,7.0,0.0,2,0.0,4.0,5.0,90.0,360.0,90.0
28,Wilson Odobert,36,2025-05-11,0,90.0,90.0,285.0,87.0,87.0,20.0,"FW,MF",7.0,0.0,3,0.0,2.0,2.0,90.0,195.0,90.0
29,Pape Matar Sarr,36,2025-05-11,0,90.0,90.0,394.0,105.0,105.0,23.0,MF,3.0,1.0,3,0.0,2.0,1.0,113.0,304.0,90.0
30,Rodrigo Bentancur,36,2025-05-11,0,0.0,0.0,441.0,253.0,109.0,28.0,MF,3.0,1.0,3,0.0,4.0,0.0,90.0,396.0,45.0
37,Micky van de Ven,36,2025-05-11,0,0.0,0.0,315.0,104.0,67.0,24.0,DF,,,2,,,,,,0.0
3,Radu Dragusin,37,2025-05-16,1,0.0,0.0,0.0,,0.0,,,,,0,,,,,,0.0
4,Kevin Danso,37,2025-05-16,0,90.0,180.0,411.0,213.0,32.0,27.0,DF,5.0,0.0,2,0.0,3.0,4.0,90.0,315.0,90.0
6,Jo√£o Palhinha,37,2025-05-16,0,0.0,0.0,17.0,112.0,89.0,30.0,MF,,,1,,,,,,0.0
7,Xavi Simons,37,2025-05-16,0,0.0,0.0,255.0,135.0,135.0,22.0,"FW,MF",,,1,,,,,,0.0
8,Yves Bissouma,37,2025-05-16,0,45.0,135.0,353.0,238.0,111.0,,,5.0,0.0,3,0.0,4.0,0.0,45.0,315.0,38.0
9,Richarlison,37,2025-05-16,0,0.0,67.0,289.0,209.0,43.0,28.0,FW,8.0,0.0,2,0.0,4.0,0.0,0.0,285.0,4.0
10,James Maddison,37,2025-05-16,1,0.0,0.0,153.0,95.0,95.0,,,,,0,,,,,,0.0
11,,37,2025-05-16,0,90.0,180.0,580.0,,,,,5.0,0.0,3,0.0,3.0,2.0,90.0,412.0,90.0
13,Destiny Udogie,37,2025-05-16,0,0.0,0.0,360.0,95.0,95.0,22.0,DF,,,1,,,,,,0.0
14,,37,2025-05-16,0,90.0,180.0,315.0,,,,,5.0,0.0,2,0.0,4.0,5.0,90.0,225.0,90.0
15,Lucas Bergvall,37,2025-05-16,1,0.0,0.0,190.0,,0.0,19.0,MF,,,0,,,,,,0.0
17,Cristian Romero,37,2025-05-16,0,0.0,0.0,315.0,189.0,74.0,27.0,DF,,,1,,,,,,0.0
19,Dominic Solanke,37,2025-05-16,0,0.0,0.0,362.0,249.0,11.0,,,8.0,0.0,2,0.0,4.0,0.0,0.0,255.0,17.0
20,,37,2025-05-16,0,72.0,252.0,326.0,,,,,,,1,,,,,,0.0
21,Dejan Kulusevski,37,2025-05-16,0,18.0,108.0,381.0,36.0,36.0,,,,,2,,,,,,0.0
22,Brennan Johnson,37,2025-05-16,0,0.0,0.0,359.0,92.0,92.0,24.0,FW,8.0,0.0,2,0.0,4.0,0.0,0.0,271.0,4.0
23,,37,2025-05-16,0,57.0,57.0,417.0,,,,,,,2,,,,,,0.0
24,Djed Spence,37,2025-05-16,0,90.0,180.0,450.0,189.0,104.0,25.0,DF,5.0,0.0,2,0.0,5.0,6.0,90.0,360.0,90.0
28,Wilson Odobert,37,2025-05-16,0,90.0,180.0,371.0,92.0,92.0,20.0,"FW,MF",5.0,0.0,2,0.0,3.0,3.0,90.0,285.0,86.0
29,Pape Matar Sarr,37,2025-05-16,0,90.0,180.0,392.0,110.0,110.0,23.0,MF,5.0,0.0,3,0.0,3.0,2.0,90.0,328.0,52.0
30,Rodrigo Bentancur,37,2025-05-16,0,45.0,45.0,422.0,258.0,114.0,28.0,MF,5.0,0.0,3,0.0,4.0,0.0,45.0,315.0,17.0
37,Micky van de Ven,37,2025-05-16,0,0.0,0.0,315.0,109.0,72.0,24.0,DF,,,1,,,,,,0.0
3,Radu Dragusin,38,2025-05-25,1,0.0,0.0,0.0,,0.0,,,,,0,,,,,,0.0
4,Kevin Danso,38,2025-05-25,0,90.0,270.0,462.0,222.0,41.0,27.0,DF,4.0,0.0,3,0.0,4.0,1.0,12.0,372.0,90.0
6,Jo√£o Palhinha,38,2025-05-25,0,0.0,0.0,11.0,121.0,98.0,30.0,MF,,,0,,,,,,0.0
7,Xavi Simons,38,2025-05-25,0,0.0,0.0,345.0,144.0,144.0,22.0,"FW,MF",,,1,,,,,,0.0
8,Yves Bissouma,38,2025-05-25,0,38.0,173.0,468.0,247.0,120.0,,,4.0,0.0,3,0.0,3.0,0.0,90.0,443.0,25.0
9,Richarlison,38,2025-05-25,0,4.0,71.0,290.0,218.0,52.0,28.0,FW,4.0,0.0,3,0.0,4.0,0.0,66.0,265.0,25.0
10,James Maddison,38,2025-05-25,1,0.0,0.0,109.0,104.0,104.0,,,,,0,,,,,,0.0
11,,38,2025-05-25,0,90.0,270.0,494.0,,,,,9.0,0.0,2,0.0,3.0,3.0,0.0,412.0,82.0
13,Destiny Udogie,38,2025-05-25,0,0.0,0.0,449.0,104.0,104.0,22.0,DF,4.0,0.0,2,0.0,5.0,11.0,89.0,359.0,90.0
14,,38,2025-05-25,0,90.0,270.0,406.0,,,,,4.0,0.0,3,0.0,4.0,1.0,1.0,316.0,90.0
15,Lucas Bergvall,38,2025-05-25,1,0.0,0.0,90.0,,0.0,19.0,MF,,,0,,,,,,0.0
17,Cristian Romero,38,2025-05-25,0,0.0,0.0,270.0,198.0,83.0,27.0,DF,,,1,,,,,,0.0
19,Dominic Solanke,38,2025-05-25,0,17.0,17.0,403.0,258.0,20.0,,,4.0,0.0,3,0.0,4.0,2.0,90.0,338.0,65.0
20,,38,2025-05-25,0,0.0,162.0,349.0,,,,,7.0,0.0,2,0.0,5.0,0.0,78.0,240.0,19.0
21,Dejan Kulusevski,38,2025-05-25,0,0.0,108.0,269.0,45.0,45.0,,,,,0,,,,,,0.0
22,Brennan Johnson,38,2025-05-25,0,4.0,4.0,419.0,101.0,101.0,24.0,FW,4.0,0.0,3,0.0,4.0,2.0,78.0,329.0,90.0
23,,38,2025-05-25,0,0.0,57.0,417.0,,,,,4.0,0.0,2,0.0,5.0,9.0,90.0,327.0,90.0
24,Djed Spence,38,2025-05-25,0,90.0,270.0,369.0,198.0,113.0,25.0,DF,4.0,0.0,3,0.0,4.0,0.0,1.0,361.0,8.0
28,Wilson Odobert,38,2025-05-25,0,86.0,266.0,350.0,101.0,101.0,20.0,"FW,MF",9.0,0.0,2,0.0,3.0,0.0,0.0,305.0,45.0
29,Pape Matar Sarr,38,2025-05-25,0,52.0,232.0,434.0,119.0,119.0,23.0,MF,4.0,0.0,3,0.0,4.0,4.0,89.0,389.0,45.0
30,Rodrigo Bentancur,38,2025-05-25,0,17.0,62.0,397.0,267.0,123.0,28.0,MF,4.0,0.0,3,0.0,3.0,2.0,90.0,332.0,65.0
37,Micky van de Ven,38,2025-05-25,0,0.0,0.0,335.0,118.0,81.0,24.0,DF,4.0,0.0,2,0.0,5.0,9.0,90.0,270.0,65.0
